_id,count
"1000islands",1.0
"140tc",1.0
"15hours",1.0
"1InchWarrior",1.0
"1arm",1.0
"1stworldproblems",1.0
"2013ADA",3.0
"2013ada",7.0
"2014MAMA",1.0
"2015eq2sb",1.0
"2016EQ2FA",1.0
"2016ideas",1.0
"23daysofjordan",1.0
"252herewecome",1.0
"2DaysDown",1.0
"2ndeotd",1.0
"310ei",1.0
"360WiseNews",1.0
"3HoursLost",1.0
"3thingsIamgratefulfor",1.0
"40MG",1.0
"42aamr",1.0
"4yearsstrong",1.0
"5SOSFALLON",1.0
"60ghettoblacknames",1.0
"7thgradememory",1.0
"9jajoke",1.0
"A",1.0
"AAAAI",1.0
"AACR14",4.0
"AACR14SSP",1.0
"AAD14",1.0
"AADEinPA",1.0
"AAN14",1.0
"AANAM",3.0
"AAP",1.0
"AAP14",1.0
"ABAGAM14",1.0
"ABAGMember",1.0
"ABCNews",1.0
"ABCWorldNews",1.0
"ABIM",3.0
"ABIMTweetShow",1.0
"ABM14",2.0
"ACA",2.0
"ACAAI",4.0
"ACC14",6.0
"ACCcongress2013",1.0
"ACDebate",1.0
"ACEP13",1.0
"ACEP14",4.0
"ACEP2014",1.0
"ACPOntario",2.0
"ACR13",1.0
"ACR14",9.0
"ACR2014",2.0
"ACS",1.0
"ADD",1.0
"ADDprobz",1.0
"ADHD",2.0
"AEN2014",1.0
"AFLDonsSaints",1.0
"AFactYouRefuseToAcknowledge",1.0
"AFib",8.0
"AGMConfUK",1.0
"AHA13",2.0
"AHA14",4.0
"AHAnewsnow",1.0
"AHRPHL",2.0
"AHS",1.0
"AIDS",2.0
"AINTNOBODYGOTTIMEFUHDAT",1.0
"ALDILA",1.0
"ALDUBForTALKNTEXT",1.0
"AMAs",2.0
"AMD",1.0
"AMERSA",1.0
"AMERSA2014",1.0
"AMWA",1.0
"ANES2013",2.0
"AOAASM",1.0
"AOAWichita",1.0
"AP",1.0
"APCU2014",1.0
"APHA13",1.0
"APSAD",4.0
"APhA2014",1.0
"AQUARIUS",7.0
"ASBMR14",4.0
"ASBrS",1.0
"ASCO",3.0
"ASCO13",5.0
"ASH14",10.0
"ASH2014",1.0
"ASHG14",2.0
"ASRA14",5.0
"ASTRONAUT",3.0
"ATS2014",1.0
"AUA13",1.0
"AV",1.0
"Abdalla",2.0
"Abortion",2.0
"AcademyAwards",1.0
"AcidReflux",1.0
"Actemra",1.0
"ActivistPost",1.0
"Actos",1.0
"AdCom",1.0
"AdComms",1.0
"Adderall",1.0
"AdderallHadMe",2.0
"Addiction",1.0
"Advair",1.0
"Advertising",1.0
"Afib",5.0
"AfraidOfNeedles",1.0
"AfraidofNeedles",1.0
"Afrezza",2.0
"AfterpartyDiscussions",1.0
"AfyaKenya",4.0
"AhAfrica",1.0
"AintNobodyGotTimeForTheFlu",1.0
"Alamogordo",1.0
"AlbumDiskotikLama",1.0
"Albuquerque",1.0
"Alendronate",1.0
"Alexandria",1.0
"All4Given",1.0
"Allergy",2.0
"AlyssavsCHC",1.0
"Alzheimer",2.0
"Alzheimers",3.0
"AmericanHustle",1.0
"AmericanizeAMovieQuote",1.0
"Amman",1.0
"Amplify",1.0
"Anaconda",1.0
"Anatomy",1.0
"AndSoItBegins",1.0
"Angels",1.0
"Ankylosing",1.0
"AnkylosingSpondylitis",3.0
"AnthonyBourdain",1.0
"Antibiotics",1.0
"Antidepressant",2.0
"Antidepressants",3.0
"Antiilluminati",1.0
"Apixaban",6.0
"AppleCup",1.0
"AppleCup2014",1.0
"AroundLumsden",1.0
"Asacol",1.0
"Asheville",1.0
"AskDirectioners",2.0
"AskTVDr",1.0
"Asthma",3.0
"AsthmaProblems",1.0
"AsthmaProbs",1.0
"Asthmaproblems",1.0
"AstraZeneca",8.0
"Atencion",1.0
"Ativan",1.0
"Atlanta",1.0
"AtypicalAntiPsychotics",1.0
"AurobindoPharma",1.0
"Austin",2.0
"Austrian",1.0
"Autism",1.0
"Avandia",4.0
"Avastin",1.0
"Avelox",2.0
"B1",1.0
"BARS",1.0
"BASF",1.0
"BATB",1.0
"BB",1.0
"BB15",1.0
"BB16",3.0
"BBC",1.0
"BBloggers",1.0
"BCC4",1.0
"BCHC",1.0
"BCproblems",1.0
"BDS",6.0
"BEATMS",1.0
"BELVIQ",2.0
"BEYONCÃ‰",1.0
"BGT",1.0
"BIAPC",6.0
"BKKingWasCreepyToo",1.0
"BLFluQA",1.0
"BNN",1.0
"BNOS",1.0
"BOPA",1.0
"BOTSHIV2014",2.0
"BPDChat",2.0
"BPDchat",1.0
"BRAVO",1.0
"BS",1.0
"BT140",1.0
"BTSWinter",4.0
"BabyMeetUP",1.0
"BackInTheFridgeAgain",1.0
"BackSeat",1.0
"Baclofen",3.0
"BadAmusementParkAttractions",1.0
"BadImmuneSystem",1.0
"BadMarketingBoo",1.0
"BadShakespeare",1.0
"BadThemeParks",1.0
"Baddrugs",1.0
"BaldNews",1.0
"BanVivisection",1.0
"BandarnyaFM",1.0
"BaseballNightinAmerica",1.0
"BayArea",1.0
"Bayer",6.0
"BeSupplementSmart",1.0
"BearDown",1.0
"BeatTheFlu",1.0
"Beatflu",1.0
"Beatles",1.0
"BeenCrazy",1.0
"Belair",1.0
"Belviq",3.0
"Benzoholic",1.0
"Bernier",1.0
"BetheBossCanada",2.0
"BetterAccessBetterCare",1.0
"BetterLivingThroughChemistry",1.0
"BetterTogether",1.0
"BewareOfSatin",1.0
"BiPolar",1.0
"BigData",1.0
"BigPharma",1.0
"Billy",1.0
"Biogen",1.0
"BiondVax",1.0
"Biondvax",4.0
"Biosimilars2014",1.0
"Bipolar",1.0
"Birdflu",1.0
"BirthControl",1.0
"Bischofberger",1.0
"Bizitalk",1.0
"BlackLivesMatter",2.0
"Blacklist",1.0
"BlaineCommodeReport",1.0
"Blogging",1.0
"Bloodclot",1.0
"Bloomberg",1.0
"BlueCircle",1.0
"BlueCrossBlueShield",1.0
"BlueJays",1.0
"Body",1.0
"Bogor",1.0
"Boise",1.0
"BoneMetastases",1.0
"BonesPremiere",1.0
"BonivaBeatles",1.0
"BootsEmployee",1.0
"Boredom",1.0
"BossMajor",1.0
"BrainDamage",1.0
"BrainTumorThursday",1.0
"Brains",1.0
"Brand_Identity",1.0
"BreakUpBeats",1.0
"Breakfast",1.0
"Breaking",1.0
"Brevard",2.0
"BrightChats",1.0
"BringItFlu",1.0
"Brisbon",1.0
"BristolMyerSquibb",1.0
"Bristol_Myers_Squibb",1.0
"BronchiCollapse",1.0
"Bruins",1.0
"Bulls",1.0
"Business",1.0
"Buyerbeware",1.0
"Byetta",1.0
"CAD",1.0
"CAFA",1.0
"CAhealth",1.0
"CBSNews",1.0
"CDC",4.0
"CDCWhistleblower",2.0
"CDCfraud",1.0
"CDCvax",5.0
"CDCwhistleblower",11.0
"CDPWater",1.0
"CEOMore",1.0
"CFAConf14",2.0
"CFS",1.0
"CHAH20",1.0
"CHD",1.0
"CHEST2014",2.0
"CHF",2.0
"CHIvsLAK",1.0
"CHMP",1.0
"CIC2014",1.0
"CIMCon14",1.0
"CIPC",1.0
"CIPRO",3.0
"CMAawards",1.0
"CMAs",1.0
"CMHH",1.0
"CMSC",1.0
"CMSC2013",4.0
"CMSCOP11",3.0
"COLONOSCOPYKING",1.0
"COLTSTRONG",1.0
"CON13",1.0
"CONSPIRACY",1.0
"COPD",16.0
"COpolitics",1.0
"CPR",2.0
"CROHNS",1.0
"CRPS",3.0
"CSIM2013",3.0
"CSRR",1.0
"CTUpdate",1.0
"CV",1.0
"CVD",2.0
"CVOT",2.0
"CWDFFL14",1.0
"CaAG",1.0
"Calgary",1.0
"CambMA",1.0
"CameronsBritain",1.0
"Canada",1.0
"Canberra",1.0
"CantGetComfortable",1.0
"CantGetMeNow",1.0
"CantSleepButTired",1.0
"CantTalkRightNowIm",1.0
"Canucks",2.0
"Carer",1.0
"CarrionFields",3.0
"CashAdvance",1.0
"Celebrex",1.0
"CentralBaptistChurch",1.0
"Cetriaxone",1.0
"Chainsaw",1.0
"ChairmanGiveAway",1.0
"ChampionshipDivision",2.0
"Chandigarh",1.0
"Chandler",1.0
"Chantix",1.0
"Charlotte",1.0
"CheekToCheek",1.0
"Cheers",2.0
"ChefMovie",1.0
"ChemicalLiving",1.0
"Chest2014",2.0
"ChevySafe",1.0
"Chicago",2.0
"Chloroquine",1.0
"Cholesterol",1.0
"ChooseUsSaveBATB",1.0
"Christophercrane",1.0
"Cipro",7.0
"ClassicRockDiagnoses",1.0
"CoMorbidity",1.0
"CochraneEvidence",1.0
"Coffee",1.0
"ColdLake",1.0
"CollegeHospital",1.0
"Commercial",1.0
"CommitLozenge",1.0
"CommonPleasCourt",1.0
"Comms",1.0
"CongratulationsToMe",1.0
"Congress",1.0
"ConsciousUncoupling",1.0
"Constantine",1.0
"ConsumerAlert",1.0
"CookingMayNotBUrThing",1.0
"Copaxone",1.0
"CorstensCountdown",1.0
"CrappyHalloweenCostumes",1.0
"CrazyDreams",1.0
"CrazyFamilyProblems",1.0
"Crestor",1.0
"Crohns",2.0
"Currently",1.0
"Cymbalta",3.0
"CymbaltaCanHelp",1.0
"Cyprus",2.0
"DBSR",1.0
"DDW14",1.0
"DEATHTOBAYER",1.0
"DG",2.0
"DHA",1.0
"DHHQ",1.0
"DIA2013",2.0
"DOC",1.0
"DOCasksFDA",1.0
"DSaRM",1.0
"DTI",1.0
"DVAAEM13",1.0
"DVT",2.0
"DWP",1.0
"DYK",2.0
"DamnYouForestLabs",1.0
"DarrenWilson",1.0
"David",1.0
"DavidBohn4",1.0
"DayOfPositivity",1.0
"DayQuil",1.0
"Days",1.0
"DeathPanels",1.0
"DeathlyAfraidOfNeedles",1.0
"DeezBitchesRolling",1.0
"DefectiveDrugs",1.0
"Delaware",2.0
"DelhiGovernance",1.0
"DemocratRaceHorses",1.0
"DepressedCat",1.0
"Depression",1.0
"DepressionIsNoLaughingMatter",1.0
"Dexter",1.0
"Dia2013",1.0
"Diabetes",5.0
"DiabetesChallenge",1.0
"Diabetic",1.0
"DiagnosisFat",1.0
"DiamDiamSuka",1.0
"Diazepam",1.0
"Did",1.0
"DidYouKnow",1.0
"Diet",1.0
"DigitalContent",2.0
"Dime_Miloko",1.0
"Diovan",1.0
"DisneyMP",1.0
"Distillers",1.0
"Divi",1.0
"DoNowPills",1.0
"DoctorWho",1.0
"DoctorWhoFinale",1.0
"DodeOnTTI",2.0
"DoesntHurtTooAsk",1.0
"DoesntTakeMuch",1.0
"Donate",1.0
"Donatenow",1.0
"DontLetTheFluTargetYou",1.0
"DoubleWhammy",1.0
"DowntonPBS",1.0
"DrHobbyLobby",2.0
"DrPhil",1.0
"Drago",1.0
"Drug",2.0
"DrugAWesAndersonMovie",1.0
"DrugDealer",1.0
"DrugstoreCelebrities",2.0
"DukeGR",1.0
"DunkDiabetes",1.0
"EACEM2014",1.0
"EASD2013",3.0
"EASD2014",2.0
"EAU14",6.0
"EBOLA",1.0
"ECCMID2013",1.0
"ECFS2012",3.0
"EDS",1.0
"EIU",3.0
"EIUfluday",3.0
"ELHT",1.0
"EMA",1.0
"EMABiggestFans1D",1.0
"EMBC14",1.0
"EMConf",2.0
"EMDAC",1.0
"EMS",1.0
"ENA2014",1.0
"ENDO2013",3.0
"ENS2013",4.0
"ENT",1.0
"EPNYC2014",1.0
"EPSAaa2014",1.0
"ERProblems",2.0
"ERS2014",3.0
"ERtips",1.0
"ESCcongress",15.0
"ESCcongress2013",33.0
"ESPN",1.0
"EULAR2013",13.0
"EULAR2014",5.0
"EarlyInt2014",1.0
"EarlyMorningTrip",1.0
"EarthDay2014",1.0
"Ebixa",1.0
"Ebola",4.0
"EbolaInNYC",1.0
"EbolaOutbreak",1.0
"EdChat",1.0
"Effexor",5.0
"Ehlakin",2.0
"Elan",7.0
"ElderlyVideoGames",2.0
"ElderlyWebsites",1.0
"ElectroconvulsiveTherapy",1.0
"ElfOpinion",1.0
"Eliquis",14.0
"EllenDegeneres",1.0
"EmrEx",1.0
"EnablingFamily",1.0
"Enbrel",20.0
"EndNWO",1.0
"Endometriosis",1.0
"EnergyDE",1.0
"EosConnection2014",1.0
"EpicFail",1.0
"Epilepsy",1.0
"EricGarner",1.0
"EroticaForSeniors",1.0
"Espanol",1.0
"Essure",1.0
"Estrogen",4.0
"Eular2013",1.0
"Every28Hours",1.0
"Everybody",1.0
"ExamWeek",2.0
"ExelonCorporation",1.0
"Exercise",1.0
"Experts",1.0
"ExtremePain",1.0
"FAILED",1.0
"FANGORIA",1.0
"FB",1.0
"FBCH",1.0
"FDA",101.0
"FDAMBCWebcast",1.0
"FF",2.0
"FIBROMYALGIA",1.0
"FINALLY",1.0
"FLU",1.0
"FLUshots",1.0
"FML",4.0
"FMT",1.0
"FOAM4gp",1.0
"FOAMed",17.0
"FREE",1.0
"FUCKMYLIFE",1.0
"FUMS",1.0
"FacialPain",1.0
"FactorVIII",1.0
"Facts",1.0
"Fail",1.0
"FallonTonight",1.0
"FarmBill",1.0
"FarmaSol20",1.0
"Farrakhan",1.0
"FearTheWalkingDead",1.0
"FebrileConvulsions",1.0
"FedUp",2.0
"FeelNoShame",1.0
"FerThaGums",1.0
"Ferguson",1.0
"FergusonOctober",1.0
"Ferndale",1.0
"Festschrift",1.0
"Fibromyalgia",1.0
"Fight4Joints",1.0
"FightFlu",4.0
"FightTheFlu",1.0
"FighttheFluMN",1.0
"FinalLFM2014",2.0
"FirstWorldProblems",1.0
"FiscallyResponsible",1.0
"Flaw",2.0
"Florida",1.0
"FlowersAndNewZealand",1.0
"Floxed",1.0
"Flu",37.0
"FluColdSARS",2.0
"FluMist",2.0
"FluSeason",1.0
"FluSeason2015",3.0
"FluShot",11.0
"FluShotRoadTest",1.0
"FluShotSelfie",1.0
"FluShotShoutOut",1.0
"FluShotShowdown",1.0
"FluShots",3.0
"FluVaccine",2.0
"FluVaccineFriday",1.0
"FluVirus",5.0
"FluWoes",1.0
"Fluad",1.0
"Flufact",1.0
"Flumythbuster",1.0
"Fluoxetine",1.0
"FlyEaglesFly",1.0
"FoRealz",1.0
"FollowBack",1.0
"Food",1.0
"FoodandDrugAdministration",1.0
"Forbes",1.0
"ForeverToGo",1.0
"Former",1.0
"Fosamax",1.0
"FragileX",1.0
"Framingham",1.0
"Freaky",1.0
"Free",2.0
"FreeFluShot",1.0
"FuckGenetics",1.0
"FuckMRSA",1.0
"FuckTheCityOfAustin",1.0
"Fycompa",3.0
"G391FLUzapalooza",2.0
"GA",1.0
"GABA",1.0
"GCWayDay",1.0
"GERD",1.0
"GGMU",1.0
"GLP1",2.0
"GMO",3.0
"GOHARDYO",1.0
"GOP",1.0
"GOPDebate",1.0
"GP14Conference",1.0
"GP14conference",1.0
"GPGeneral",1.0
"GPnews",1.0
"GSK",2.0
"GTA",1.0
"GVPT",1.0
"Game7",1.0
"GameOfThrones",1.0
"GameofThrones",1.0
"Gaucho",1.0
"GeekNews",1.0
"Generic",1.0
"Genzyme",1.0
"Geodon",4.0
"Geopolitics",1.0
"Get",4.0
"GetCovered",1.0
"GetHeartChecked",1.0
"GetOverIt",1.0
"GetUp4GameDay",1.0
"GetVax",1.0
"GetYourHalfLifeOffMyLawn",1.0
"GetitOrDieInPandemic",1.0
"Ghetto",1.0
"Giants",1.0
"GiveAShot",2.0
"GiveaShot",1.0
"GivingTuesday",1.0
"GlaxoSmithKline",1.0
"GlennBeck",1.0
"GlobalSocialMediaGroup",1.0
"GnG",1.0
"GoBackHealthy",1.0
"GoColts",1.0
"GoCougs",1.0
"GoLeafs",1.0
"GoT",1.0
"Godhelpme",1.0
"GoldenGlobes",1.0
"GoodAndBad",1.0
"GoodJobGoodEffort",1.0
"GoodSafetyTip",1.0
"GoodStuff",1.0
"GoogleAlerts",3.0
"GotMyFluShot",1.0
"GottaGoGottaGoRightNow",1.0
"Granbury",1.0
"GranuFlo",1.0
"Grizzlies",1.0
"Gross",1.0
"GrottStrong",1.0
"Gruner",1.0
"Grunethal",1.0
"H1N1",4.0
"H3N2",1.0
"H7N9",3.0
"HB2",1.0
"HBIC",1.0
"HCC",1.0
"HEALTH",2.0
"HEATNATION",1.0
"HERchat",1.0
"HIV",9.0
"HIVGlasgow",6.0
"HIVR4P",1.0
"HONY",1.0
"HP",1.0
"HPCustForums",1.0
"HRS2014",4.0
"HUMIRA",1.0
"Halifax",1.0
"Halloween",1.0
"HaloFitRun",1.0
"HandsUpDontShoot",1.0
"Hannity",1.0
"HappyBirthdayHarryPotter",1.0
"HappyThanksgiving",1.0
"HarrahDay",1.0
"HarvardID",1.0
"Harvardhealth",1.0
"Hashtag",2.0
"HateNeedles",1.0
"HaveMoreSex",1.0
"HeSaidWTF",1.0
"Headlines",2.0
"Health",19.0
"HealthAdvisory",1.0
"HealthCanada",1.0
"HealthCare",2.0
"HealthFreedom",1.0
"HealthNews",3.0
"HealthNewsUSA",1.0
"HealthWeek",1.0
"Healthcare",1.0
"HealthcareThatWorks",1.0
"Healthing",1.0
"HealthyJoCo",1.0
"HealthyLife_Pro",1.0
"Healthyliving",1.0
"HearUs",2.0
"HearditHereFirst",1.0
"HeartFail",1.0
"HeartFailure",5.0
"Hearties",1.0
"Heat",1.0
"Help",1.0
"Hematology",1.0
"HerdImmunity",2.0
"HereAndNow",1.0
"HeroinHitsHome",1.0
"Herts",1.0
"Hmmm",1.0
"HobbyLobby",1.0
"HolbyCity",1.0
"HolidayZaun",1.0
"Hope",1.0
"Hopeful",1.0
"HorizonConnect",1.0
"HospMed14",2.0
"HotFlashes",1.0
"HouseMD",1.0
"HouseOfFraiser",1.0
"HowThatHappen",1.0
"HowToBeBrave",1.0
"HugeArodFan",1.0
"Humira",30.0
"HuntForOrangeOctober",1.0
"HuntForTheLabyrinthKiller",1.0
"IAMUNITED",1.0
"IBCVaccine",1.0
"IBD",3.0
"IBDFMLMoments",1.0
"IBIS4",2.0
"ICAAC",1.0
"ICCCPOE",1.0
"ICED2014",1.0
"ICEENDO2014",1.0
"ICYMI",2.0
"ID",1.0
"IDS",1.0
"ILikeFree",1.0
"IM2014",1.0
"IMConf",2.0
"INDvsPIT",1.0
"INSIGHT",1.0
"INTRUDERS",1.0
"IOMS2014",1.0
"IPCRG2014",1.0
"IPLaw",1.0
"ISOPP14",1.0
"ISPMF",1.0
"ISRAEL",6.0
"ISTH2013",6.0
"ISTH3013",4.0
"ISayNoToSmokingBecause",3.0
"IThinkItsADud",1.0
"IUIMGR",1.0
"IVDD",1.0
"Icanpickyou",1.0
"IcantalkaboutalltheRiteAids",1.0
"IceBucket",1.0
"Idonttrustthegovernment",1.0
"IfIHadALifeSentence",1.0
"IllTakeSix",1.0
"Illini",1.0
"ImACeleb",1.0
"ImSleepingIn",1.0
"ImTheDud",1.0
"ImmunityInTheCommunity",1.0
"Immunize",1.0
"IndependentNewsblog",1.0
"India",1.0
"Ineedanallergist",1.0
"Infectious",1.0
"InfectiousDiseases",1.0
"InnerFishPBS",1.0
"InnoPsy",1.0
"Innovation",3.0
"InstantFollowBack",1.0
"Internal",1.0
"Invokana",1.0
"IrishLoop",1.0
"Ironic",1.0
"Italy",1.0
"ItsAllGoodThough",1.0
"ItsJustNotSupposeToHappen",1.0
"IveMissedYou",1.0
"IwantMyppl2befree",1.0
"JAXvsNYJ",1.0
"JC",1.0
"JCMO",1.0
"JCV",1.0
"JC_StE",3.0
"JStew",1.0
"JYJ",1.0
"JacobUdell",1.0
"JacquelineBisset",1.0
"Jaguars",1.0
"JailStories",1.0
"Jakarta",1.0
"Japan",1.0
"JayNixon",1.0
"Jaymohrsports",1.0
"JeffersonCity",1.0
"JerseyCity",1.0
"Jim",1.0
"JimmyBullard",1.0
"Job",2.0
"Jobs",1.0
"JodiArias",1.0
"JohnCrawford",1.0
"Joke",1.0
"Js",1.0
"JustGoWithIt",1.0
"JustNeighing",1.0
"JustPlayOneOnTV",1.0
"JustSaying",1.0
"JustThankfulToBeAlive",1.0
"KINNECT",1.0
"KLMtoAmsterdam",1.0
"KPGovt",1.0
"KU",1.0
"KU1215",1.0
"KWTW",1.0
"KXLY",1.0
"KaciHickox",1.0
"Kelowna",1.0
"KenyaMedicalNews",2.0
"KickinTheHabit",1.0
"Kidding",1.0
"KidneyWk14",1.0
"Kids",1.0
"Kings",1.0
"Klonopin",1.0
"KnowYourAnon",1.0
"Kpdmcflu",1.0
"LACSD",1.0
"LAKings",1.0
"LATIMES",1.0
"LETSGOHEAT",1.0
"LFC",1.0
"LGBT",2.0
"LHHATL",1.0
"LISTEN",1.0
"LIVING",1.0
"LNYHBT",1.0
"LOLOL",1.0
"LSC40",1.0
"LSHealth",1.0
"LUCWellnessFair2014",1.0
"LUFConDrugs",1.0
"LaTOOTa",1.0
"Lame",1.0
"Lamictal",8.0
"Lamotrigine",1.0
"Landp1776",1.0
"Last",1.0
"Latenight",1.0
"Latest",1.0
"LatestHeadlines",1.0
"Latuda",5.0
"LeSigh",1.0
"Leadership",1.0
"LearnMore",1.0
"LeaveMeAlone",1.0
"Lemtrada",5.0
"LetsTalkBabies",1.0
"Levaquin",1.0
"Lexington",1.0
"LickMyAssOrLayInTheSun",1.0
"Lifehacker",1.0
"Lifestyle",1.0
"Like2",1.0
"LikeABadGirlfriendYouKeepGoingBackTo",1.0
"LikeABih",1.0
"LikeABoss",1.0
"Lilly",1.0
"ListenersChoice",1.0
"Lithium",1.0
"LitigationUpdates",1.0
"LiveCOPD",1.0
"LivehereLivewell",1.0
"LivingPositively",1.0
"Lodise",1.0
"LongBeach",1.0
"Lorcaserin",1.0
"LosAngeles",2.0
"LoseIt",4.0
"LostGirl",1.0
"Lozenge",2.0
"Lungers",1.0
"Lupitor",1.0
"Lurasidone",1.0
"MCK",1.0
"MCinVancouver",1.0
"MD",1.0
"MDCT2013",1.0
"MDOPC",1.0
"MDRTB",1.0
"MDfeels",1.0
"ME",2.0
"MEDED",2.0
"MEDRX",1.0
"MERCURY",1.0
"MEWE2013",1.0
"MJBirthdayPresent",1.0
"MMSM",1.0
"MNSUFightTheFlu",1.0
"MO",1.0
"MOH",2.0
"MOVEOVER",1.0
"MP",1.0
"MPVR",1.0
"MRI",2.0
"MS",16.0
"MSBoston2014",1.0
"MSFatigue",1.0
"MSM",1.0
"MSSucks",1.0
"MST3K",1.0
"MSWarrior",1.0
"MSisSUCKY",1.0
"MSproblems",1.0
"MSresearch",9.0
"MSsucks",4.0
"MSwarrior",1.0
"MT4P",1.0
"MTM_KSA_2014",1.0
"MTVStars",2.0
"MTX",2.0
"Maddow",1.0
"MajorHeadache",1.0
"Mallorca",1.0
"ManagedCare",1.0
"Maracaibo",1.0
"MarblesMissing",1.0
"Marfan",1.0
"MarianasTrenchIsDistracting",1.0
"Market",1.0
"MarketFlash",1.0
"Marketing",1.0
"MarketingToday",1.0
"MarryMe",1.0
"Mason",1.0
"Masters",1.0
"MastersRoadNats",1.0
"Maximus",1.0
"Mayhem",1.0
"McCann",1.0
"McHibernate",1.0
"McrFluSafe13",1.0
"MedEd",3.0
"MedicalNews",1.0
"MedicalStudy",1.0
"Medicated",1.0
"Medication",1.0
"Medicine",1.0
"MedicineAMovie",2.0
"Meds",1.0
"MedsChat",2.0
"MedyoBadGirl",1.0
"MeganKwasniak",1.0
"MellanbyCenter",1.0
"Memantine",1.0
"Memorization",1.0
"MemoryLoss",1.0
"MentalHealth",2.0
"MentalHealthMatters",2.0
"Mentorlegend",1.0
"Merck",3.0
"Merica",1.0
"Mesa",1.0
"Metatopia",1.0
"Metformin",1.0
"Mets",1.0
"MichaelBrown",1.0
"MidThirtiesLife",1.0
"MiddletownNY",1.0
"MinNA",1.0
"Mirtazapine",1.0
"Missouri",1.0
"Mmsm",1.0
"MolekuleInsight",1.0
"Money",1.0
"MonoTherapy",1.0
"Monsanto",1.0
"MontCoPA",1.0
"Moorestown",1.0
"Motivating",1.0
"MountainMonsters",1.0
"MtSinai",2.0
"MultipleSclerosis",2.0
"MurphysLaw",1.0
"MuscleSpasmsOuch",1.0
"MyBitchWife",1.0
"MyBoyfriendNotAllowedTo",2.0
"MyLifeWouldBeCompleteIf",1.0
"MyNewConspiracyTheory",1.0
"MyQuitSmokingMessage",4.0
"MyelomaSucks",1.0
"NAHAP",3.0
"NAPCRG2014",1.0
"NAPLEX",1.0
"NAPLEXTipOfTheDay",2.0
"NBAPlayoffs",1.0
"NBC",1.0
"NBC15",1.0
"NCCU",1.0
"NCLEXtip",1.0
"NEI",1.0
"NEIinfo",1.0
"NEJM",2.0
"NEJMchat",3.0
"NEWS",5.0
"NEvsIND",1.0
"NFL",1.0
"NHL",1.0
"NHS",2.0
"NHSSCR",1.0
"NIAM",1.0
"NIC2016",1.0
"NICE",1.0
"NICENugget",1.0
"NIH",1.0
"NIMHchats",1.0
"NIRMA2014",1.0
"NIVW2013",1.0
"NIVW2014",2.0
"NIVW2015",3.0
"NJ",1.0
"NNCONF15",1.0
"NNMSP15",1.0
"NNN",2.0
"NNT",1.0
"NO",1.0
"NO2Vaccines",1.0
"NOACs",1.0
"NOLAforLife",1.0
"NOPE",1.0
"NP",1.0
"NPACME",2.0
"NPPA",1.0
"NRT",1.0
"NSGC2014",1.0
"NSU",1.0
"NWO",1.0
"NYC",6.0
"NYR",1.0
"NYRBelieve",1.0
"NYU",1.0
"NZ",2.0
"Naija247news",1.0
"Namenda",1.0
"Nascar",1.0
"National",2.0
"NationalMemoryDay",1.0
"NationalObesityForum",1.0
"Naturalhealth",1.0
"Nchat",1.0
"Necon",1.0
"Negroes",1.0
"NeoCitran",1.0
"NephJC",1.0
"Nerlens",1.0
"Neurogrid",1.0
"Neurology",1.0
"Neurontin",1.0
"NeverForget",2.0
"New",4.0
"NewElementOnThePeriodicTable",1.0
"NewGirl",1.0
"NewYork",1.0
"NewYorkCity",1.0
"News",25.0
"Nexavar",1.0
"NextPlease",1.0
"Night",1.0
"Nivw2013",1.0
"NoAdsPlease",1.0
"NoOffenseMrsA",1.0
"NoRegionalAnesForYou",1.0
"NoSir",1.0
"NoTimeForFlu",1.0
"NoTimeforFlu",1.0
"NoTobacco",1.0
"NoVax",1.0
"Noflenchzone",1.0
"Noodles",1.0
"NorbysANGEL",1.0
"Norco",1.0
"NorthpoleMovie",1.0
"NotWorthIt",1.0
"Novartis",1.0
"Novo",1.0
"NowPlaying",2.0
"Np",1.0
"NutsoNews",1.0
"NuvaRing",7.0
"NyQuil",1.0
"OBGYN",3.0
"OCD",1.0
"ODAC",1.0
"OHS",1.0
"OHonID",1.0
"OK",1.0
"OKSociety",1.0
"OLW",1.0
"OMG",1.0
"OMGFacts",1.0
"ONJ",2.0
"ONRundersea",1.0
"OOC",1.0
"OP0069",1.0
"ORwine",1.0
"OSCIsymp",1.0
"Obamacare",1.0
"ObamasSoreThroat",1.0
"Obesity",2.0
"Ofloxacin",1.0
"OhBoy",1.0
"Ohwell",1.0
"Okanagan",1.0
"OldAgeProbs",1.0
"OldBands",1.0
"OlderMusicians",5.0
"Olivier",1.0
"Olmesartan",1.0
"OnPoint",1.0
"OneGoodReason",1.0
"OneShotOneSource",1.0
"Onglyza",8.0
"Orencia",1.0
"Orioles",1.0
"Oscar",1.0
"Oscar2014",1.0
"OscarAwards",1.0
"Oscars",17.0
"Oscars2014",3.0
"Osteoporosis",3.0
"Osteoprosis",1.0
"Ottawa",1.0
"Ouch",2.0
"OurD",1.0
"Outlander",1.0
"OverDose",1.0
"Oxycontin",1.0
"OzSleep",1.0
"OzsInbox",1.0
"PAIPIP",1.0
"PAM",1.0
"PBSBDJftclk",1.0
"PCOL",1.0
"PCOS",11.0
"PDAC",1.0
"PDE5",1.0
"PE",3.0
"PECO",1.0
"PEI",2.0
"PFTB",1.0
"PGAChamp",1.0
"PGAChampionship",1.0
"PHAA2014",1.0
"PHARMA",1.0
"PHARMAC",2.0
"PHRM741",3.0
"PIDD",1.0
"PIP",1.0
"PJNET",1.0
"PK",1.0
"PLOSONE",1.0
"PML",2.0
"PMTCT",1.0
"POISONOUS",1.0
"PRIMO17",1.0
"PRT4445",4.0
"PSA",1.0
"PSICommunicatingConcepts",1.0
"PTC",1.0
"PTI",1.0
"PTOTD",1.0
"PTSD",2.0
"Pain",1.0
"PainKillerOfChoice",1.0
"PainSucksMore",1.0
"Pandemrix",2.0
"Paranoia",1.0
"Paroxetine",2.0
"Part37",1.0
"PassingOut",1.0
"PatchCalifornia",1.0
"Pathmark",1.0
"Patients",2.0
"PaulaDean",1.0
"PaulaDeen",5.0
"Pavosic",2.0
"Paxil",7.0
"PaymentReceivedInFull",1.0
"Pediatric",1.0
"Pens",2.0
"Penticton",1.0
"PeoplesChoice",1.0
"Periscope",1.0
"PeterPanLive",8.0
"Pfizer",2.0
"PfizerRiser",1.0
"PhNews",1.0
"PharmAdventure",1.0
"Pharma",4.0
"PharmaAkoto",1.0
"PharmaShill",1.0
"Pharmacist",4.0
"Pharmacists",1.0
"Pharmacology",3.0
"Pharmacovigilance2014",1.0
"Pharmacy",1.0
"PharmacyProblems",1.0
"PharmacyProbs",1.0
"PharmacySongs",1.0
"PharmacyonGameDay",1.0
"PhenixShitty",1.0
"PhilMickelson",1.0
"PhilaTox14",1.0
"Phillies",1.0
"Phoenix",3.0
"PhysioFirst14",1.0
"PillChat",1.0
"PitMad",1.0
"PittMPNC",3.0
"PlannedParenthood",1.0
"PleaseBeTrue",1.0
"PlsNote",1.0
"Poison",1.0
"PopstarDemands",1.0
"Portola",4.0
"PostOpProbs",1.0
"PoweredByInsights",1.0
"PrEP",1.0
"Pradaxa",2.0
"PradaxaAttorney",1.0
"PraiseHim",1.0
"Pregnancy",1.0
"PrescriptionTypeShit",1.0
"Press",1.0
"PrettyFlyForAWhiteGuy",1.0
"PreventDiabetes",1.0
"Prevnar",1.0
"Priorities",1.0
"Pristiq",2.0
"Problems",2.0
"ProductiveDay",1.0
"Productivity",1.0
"ProgrammingWithTheTVon",1.0
"ProjectECHO",1.0
"PromoteAProductWithTVOrMovieQuote",1.0
"Propecia",1.0
"ProtectYourself",1.0
"Provant",1.0
"Providence",1.0
"Prozac",6.0
"ProzacNation",1.0
"PsychIssues",1.0
"PtSafety",1.0
"PublicHealth",2.0
"PublicHealthEngland",1.0
"PuffPuffDontPass",1.0
"Pulmonaryembolism",1.0
"PurifyYourAir",4.0
"PushAwardsLizQuens",1.0
"PushingDrugsForProfit",1.0
"Putin",1.0
"QI",1.0
"QPR",1.0
"Quebec",1.0
"Queensu",1.0
"Quetiapine",1.0
"QuickMedClaims",1.0
"Quote",1.0
"RA",7.0
"RAGT",1.0
"RAW",1.0
"RAWBuffalo",1.0
"RAproblems",1.0
"RCGP",1.0
"RCGPAC",1.0
"RCoAAC14",1.0
"RECALLPRADAXA",1.0
"RETWEET",1.0
"RF",2.0
"RHOA",1.0
"RHONY",13.0
"RIPRumainBrisbon",1.0
"RITCF",1.0
"RLS",2.0
"RMFT",1.0
"RSD",1.0
"RT",1.0
"Radiohead",2.0
"Rahway",1.0
"Raiders",2.0
"Ranbaxy",3.0
"Rangers",1.0
"RapidCycling",1.0
"ReadyForFlu",2.0
"RealTime",1.0
"Reallife",1.0
"Recover",1.0
"RedEye",1.0
"RedWedding",1.0
"Redsox",1.0
"RejectedWeirdAlSongs",2.0
"Remed",1.0
"Remedies",1.0
"Remicade",1.0
"Remix",1.0
"Retweet",1.0
"Reuters_Health",1.0
"ReverseHairLoss",1.0
"RewiringWM",1.0
"Rheum",2.0
"Rheum2013",2.0
"RheumatoidArthritis",2.0
"Rhony",1.0
"RhymeSkills",1.0
"Riccola",1.0
"RidaSitaDewi",1.0
"RioFlu",1.0
"RipTommy",1.0
"Rivaroxaban",1.0
"Rivotril",2.0
"RoadtoRama",1.0
"RobinHood",1.0
"RogueColon",1.0
"RollinsInTheDeep",1.0
"Rome",1.0
"RookieBlueBrain",1.0
"Royals",1.0
"Royalty",1.0
"RuinAMedicine",1.0
"RuinARapTrack",1.0
"RumainBrisbon",4.0
"Rumbelle",1.0
"Russia",1.0
"RxchatNg",4.0
"Rxisin",1.0
"RyderCup",1.0
"S1202",1.0
"SA",1.0
"SABCS13",1.0
"SAEM14",2.0
"SAMCoventry",2.0
"SAVOR",13.0
"SB277",1.0
"SBUX",1.0
"SCTVAwards",1.0
"SD",2.0
"SDMFluFighters",6.0
"SEROQUEL",1.0
"SF",2.0
"SFBTunlocked",1.0
"SIGUEME",1.0
"SIN_ICN",1.0
"SIRC2014",1.0
"SIRFSP",1.0
"SK",1.0
"SMACK",1.0
"SNEAKSHOW",1.0
"SNF",2.0
"SNO2012",1.0
"SOA",1.0
"SOO",2.0
"SPECIAL",1.0
"SRNT2014",1.0
"SSRIClub",1.0
"STICS",2.0
"STO",2.0
"STU",1.0
"SVU",1.0
"SWTW",1.0
"SadButTrue",1.0
"SalemVAMC",1.0
"SallyField",6.0
"SallyFieldlooksgood",1.0
"SallyFields",1.0
"SanDiego",1.0
"Sarcasm",1.0
"ScandalHangover",1.0
"Scared",1.0
"ScarySocial",1.0
"Science",5.0
"ScienceNews",1.0
"Scottsdale",1.0
"SelfLove",1.0
"Senile",1.0
"Seroquel",18.0
"Setting4Success",3.0
"SexyBaseball",1.0
"Sherlock",1.0
"ShesHypedAF",1.0
"ShieldsDay2014",1.0
"Shill",1.0
"Shisha",2.0
"ShitFoundWhileMoving",1.0
"ShitsGross",1.0
"ShitsandGiggles",1.0
"ShottheFlu",1.0
"ShovelReady",2.0
"ShutinVictory",1.0
"SideEffects",3.0
"SideEffectsInclude",1.0
"SideEffectsMayInclude",1.0
"SimcoeMuskoka",1.0
"Skimm",1.0
"Skint",1.0
"SlatherMeWitAntiBac",1.0
"Sleepdisorderproblems",1.0
"SleptThroughDay",1.0
"SlimVie",1.0
"SlowNewsDay",1.0
"SmackOff",4.0
"Smackoff",1.0
"SmartGrids",1.0
"Smokingfact",1.0
"SnakeOil",1.0
"SnapdealNokiaSpeedChallenge",1.0
"SoManyNeedles",1.0
"SocialWorker",1.0
"Sooke",1.0
"SoreThroat",1.0
"SorryMom",1.0
"SorryNotSorry",1.0
"SoundCloud",1.0
"SoundsSafe",1.0
"Southeast",1.0
"SpartansInService",1.0
"Spiriva",1.0
"Spondylitisq",1.0
"Spoonie",2.0
"SpoonieChat",1.0
"SpoonieProblems",1.0
"Sports_Cafe_",1.0
"SpreadTheWordNotFlu",1.0
"SrsQ",1.0
"Stalker",1.0
"Stand4Life",1.0
"StanleyCupFinal",1.0
"StanleyCupFinals",1.0
"StarSignFacts",1.0
"StarWars",2.0
"StartUp",1.0
"Starving",1.0
"StayHealthy",2.0
"StayHealthyUTK",1.0
"StayTuned",1.0
"StayWellThisWinter",4.0
"Staywellthiswinter",2.0
"StickItToTheFlu",1.0
"SticktheFlu",1.0
"StoneEng",1.0
"StoneProblems",1.0
"StopNuvaring2014",1.0
"StopThePatriotFlu",1.0
"Stroke",4.0
"Strong",1.0
"StrongTake",1.0
"Suboxone",1.0
"Suicide",1.0
"SunPharmaSpokesperson",1.0
"SundayFunday",1.0
"Sunovion",1.0
"SunshineActFail",2.0
"SuperBowl",1.0
"SuperMoms",1.0
"SuperMusic_ID",1.0
"SurreyLPFconf",1.0
"Suspect",1.0
"Sutent",1.0
"Svengoolie",2.0
"Swerve",1.0
"Swine",1.0
"SwineFlu",1.0
"Swineflu",1.0
"Swiss",1.0
"Sydney",1.0
"Symbicort",2.0
"SyringeVsPen",1.0
"T1430",1.0
"T1D",2.0
"T2460",1.0
"T2D",1.0
"TACE",1.0
"TAMUKNation",1.0
"TB",1.0
"TBICRI14",1.0
"TBSCommercials",1.0
"TBT",1.0
"TCNT",1.0
"TCOT",1.0
"TCT2013",1.0
"TEAMIBD",2.0
"TECOS",1.0
"TEDxHelsinki",1.0
"TEKEnergy",1.0
"TEKNortheast",1.0
"TGDN",1.0
"THFC",1.0
"THIStv",1.0
"THV11",1.0
"TIMEPOY",1.0
"TOSSatnight",1.0
"TOpoli",1.0
"TU",1.0
"TY",1.0
"TYSABRI",1.0
"TakeAHint",1.0
"TakeCareDePaul",1.0
"TakeChargeTV",1.0
"TakeChargeTuesday",1.0
"TakeThatNoise2TheHouse",1.0
"TakeTheCrown",1.0
"TakingLives",1.0
"TalkAboutNStopCDCfraudOrNoVote2016",1.0
"TalkLikeAPirateDay",1.0
"Tamiflu",1.0
"Tampa2014",3.0
"Target",1.0
"TargetPharmacy",1.0
"TargetPharmacyCA",3.0
"TeamBuck",1.0
"TeamFollowBack",1.0
"TeamHealth",1.0
"TeamHumira",1.0
"TeamNoSleep",1.0
"TeamUSA",1.0
"Teaminsomnia",1.0
"Teamwestwind",1.0
"Tecfidera",1.0
"Technology",3.0
"TeenWolf",4.0
"Temazepam",1.0
"Tempe",1.0
"Tendons",1.0
"Tewksbury",1.0
"Texas",1.0
"ThaiNewsRSS",1.0
"Thalidomide",2.0
"ThankYouJesus",1.0
"ThankYouJesusFor",1.0
"ThanksObama",1.0
"ThanksScience",1.0
"Thanksgiving",1.0
"Thankyoulord",3.0
"The",1.0
"TheBlacklist",2.0
"TheCVC",1.0
"TheJourney",1.0
"TheNewsroom",1.0
"TheOscars2014",1.0
"TheRealStory",1.0
"TheTime",1.0
"TheVaccines",1.0
"TheVillage",1.0
"Therapeutics",1.0
"Therapeutics_I_KSA",1.0
"Theravance",1.0
"ThereAreNoSickDays",1.0
"Thevoice",1.0
"Thimerosal",1.0
"ThingsIWishedFor",1.0
"This",1.0
"ThisIsTheTruth",1.0
"Thor",1.0
"ThugLifeThursday",1.0
"ThumbOrToe",1.0
"Tianeptine",1.0
"TimeToChangePractice",1.0
"Tip",1.0
"Tired",1.0
"ToDoList",1.0
"TobaccoDay",1.0
"TobaccoFreePune",1.0
"TofU14",1.0
"TonyAwards",1.0
"TooChill",1.0
"TooManySideEffects",1.0
"TopOfTheWorldMa",1.0
"Topics2013",1.0
"TrashTobacco",2.0
"Trasylol",1.0
"TravelSkills",3.0
"Trazodone",2.0
"Trichotillomania",1.0
"TrippinBallz",1.0
"TriviaTuesday",1.0
"TrueBlood",1.0
"TrueBloodOnMute",1.0
"TrueDetective",1.0
"TrueStory",1.0
"Truth",3.0
"Tumeric",1.0
"Twitpyrg",1.0
"TwitterSuperlatives",1.0
"TwitterVoice",1.0
"TwoThingsThatDontMixWell",2.0
"TyoNews",1.0
"Tysabri",11.0
"UAA",1.0
"UAASHCC",1.0
"UBC",1.0
"UC",1.0
"UC4K",1.0
"UCF",1.0
"UFC168",1.0
"UFC178",1.0
"UHS",1.0
"UKSF13",1.0
"ULeth",1.0
"UMI",1.0
"UNCBears",1.0
"UNL",1.0
"URS14",2.0
"US",1.0
"USA",3.0
"USCA2014",1.0
"USJR2014",1.0
"USMLE",2.0
"USMLESTEP1",3.0
"USOpen",1.0
"USVI",1.0
"USWIN2014",3.0
"USopen",1.0
"UXshaming",1.0
"Uber",2.0
"UberFacts",1.0
"UberHealth",1.0
"UlcerativeColitis",1.0
"Uncategorized",1.0
"UniteBlue",1.0
"UnitedAgainstFlu",3.0
"UnitedInBlue",1.0
"Uproar2014",1.0
"Usmle",2.0
"Utica",1.0
"VACCINES",1.0
"VCUEM",1.0
"VGH",1.0
"VSGarcinia",1.0
"VTE",1.0
"Vaccination",2.0
"Vaccine",10.0
"Vaccines",2.0
"VaccinesWork",1.0
"Value",1.0
"Vancouver",1.0
"Vaxxed",1.0
"Vayarin",1.0
"VegasGR",2.0
"VenezuelaSinRemedios",1.0
"Venlafaxin",1.0
"Vernon",1.0
"VernonBCNews",1.0
"Veterans",1.0
"VeteransAffairs",1.0
"Victoza",7.0
"Viibryd",1.0
"Vikings",1.0
"Vilazodone",1.0
"Violetta",1.0
"VitaminC",1.0
"VitaminD",1.0
"VoteMcGurran",1.0
"VoteSuperfruit",1.0
"Vycer_HappyDay",1.0
"Vyvanse",2.0
"WARD7",1.0
"WARNING",1.0
"WCIO2014",1.0
"WDD",1.0
"WDDchat14",1.0
"WDSTFD14",1.0
"WHDT",2.0
"WHO",1.0
"WINRegion1",1.0
"WMSPC14",1.0
"WOWQueens",1.0
"WSMLondon14",1.0
"WSUPharmacy",1.0
"WTF",3.0
"WWENXT",1.0
"WarningsandStudies",2.0
"Washington",1.0
"WatchKCEN",1.0
"WeHaveNoPolioInAmerica",1.0
"WeNurses",1.0
"WePh",1.0
"WeSupportIqrar",1.0
"WeeChat",1.0
"WeekinSci",1.0
"WeightLoss",1.0
"Wellbutrin",1.0
"Wewillseewhocares",1.0
"WhatAmIDoing",1.0
"WhatDoIDo",1.0
"WhatEven",1.0
"WhatRepublic",1.0
"WhatStigma",1.0
"WhatTheFFacts",1.0
"WhatWithTheWorld",1.0
"WhatsUp",1.0
"Wheezing",1.0
"Who",1.0
"WhooDahh",2.0
"Why",4.0
"WhyGodWhy",1.0
"WhyICantSleepAtNight",1.0
"WhyIhateErxs",1.0
"WhyMe",2.0
"WideAwake",1.0
"WillHeMakeIt",1.0
"WindstarCruises",1.0
"Winning",1.0
"WiseWords",1.0
"WishMeLuck",1.0
"WomenDialogue",1.0
"WorkplaceTragedy",1.0
"WorkplaceWellness",1.0
"World",2.0
"WorldDiabetesDay",1.0
"WorldNoTobaccoDay",5.0
"WorldPreview2013",1.0
"WorldSeries",2.0
"WorldSeries2014",1.0
"WorstInoculationEver",1.0
"Worth",1.0
"WorthReading",1.0
"Wuss",1.0
"Wyeth",1.0
"XARELTO",1.0
"XMultiply",1.0
"Xarelto",12.0
"Xeljanz",2.0
"XmasList",1.0
"YLA2014",1.0
"YOLO",1.0
"YOUDABESS",1.0
"YOVO",1.0
"YYC",3.0
"Yakima",1.0
"YaysiTeAmo",1.0
"Yaz",1.0
"Yeesh",1.0
"Yelp",1.0
"YouFail",1.0
"YourDickFallsOff",1.0
"YourShotCounts",2.0
"Yumbo",1.0
"Yuuuuup",1.0
"ZNation",6.0
"Zappos",2.0
"Zimmerman",2.0
"Znado",1.0
"Zoloft",4.0
"Zombiemode",1.0
"Zomboy",1.0
"Zyprexa",12.0
"ZzZzZzZ",1.0
"Zzzzzzz",1.0
"aBluntCan",1.0
"aafnational",1.0
"ab",1.0
"abc15",1.0
"abcDRBchat",1.0
"abdullah_abdulaziz_100k",1.0
"abhealth",1.0
"ableism",1.0
"abnews",1.0
"abpiconf",1.0
"abpievents",1.0
"abuse",1.0
"acem14",1.0
"achey",1.0
"acidissues",1.0
"acne",1.0
"acns14",1.0
"acr14",1.0
"acs",1.0
"activeaf",1.0
"actualnews",1.0
"ad",3.0
"add",1.0
"adderall",1.0
"adderallhadme",1.0
"addict",1.0
"addicts",1.0
"addproblems",2.0
"addyaward",1.0
"adh",2.0
"adhd",3.0
"adipocytes",1.0
"ads",3.0
"adult",1.0
"adulthood",1.0
"advdm",2.0
"advice",1.0
"aed",1.0
"affordabledrugs",1.0
"afib",3.0
"aflblueshawks",2.0
"afootshorter",1.0
"africanamericanhairhealthbeauty",1.0
"against",1.0
"agitation",1.0
"agmconfuk",1.0
"aha",1.0
"aids",1.0
"aintnobodygottimeforthat",2.0
"aintnobodygottimefortheflu",1.0
"alaska2014",2.0
"alcoholism",1.0
"alcoolisme",1.0
"alert",1.0
"alexandersean",1.0
"allegedly",1.0
"allergies",2.0
"allergy",1.0
"allicense2014",1.0
"alltherightmoves",1.0
"allthesleep",1.0
"alltrials",1.0
"almonds",1.0
"almostanaccident",1.0
"almostbledout",1.0
"alopecia",1.0
"also",1.0
"alswh",1.0
"ambienwithdrawl",1.0
"americanadverts",1.0
"amersa",1.0
"amidoingthisright",1.0
"amwriting",1.0
"amyloidosis",5.0
"anaemia",1.0
"anderson",1.0
"andreanflu2k14",1.0
"anger",1.0
"animals",1.0
"ankylosing",1.0
"ankylosingspondylitis",1.0
"annoying",2.0
"antibiotic",3.0
"antibiotics",2.0
"antidepressants",5.0
"antiepileptic",2.0
"antihipertensivo",1.0
"antioxidants",1.0
"antipsychotics",3.0
"antiquesroadshow",1.0
"anxiety",4.0
"aoce14",1.0
"aorticdissection",1.0
"apcc14",1.0
"apixaban",5.0
"apples",1.0
"appointment",1.0
"aps14",1.0
"aptlynamed",1.0
"arab",1.0
"aremyhommies",1.0
"arkansasdepartmenthealth",2.0
"arm",1.0
"arresteddevelopment",1.0
"arsenic",1.0
"arthritis",6.0
"arthritischat",1.0
"arthritisprobs",5.0
"arthrtispuns",2.0
"article",3.0
"as",1.0
"asbmr14",3.0
"asco13",1.0
"ash14",1.0
"askadoc",1.0
"asmsing2014",1.0
"asot650",1.0
"aspirin",1.0
"asra14",3.0
"asrapain",1.0
"assistedmed",1.0
"asthma",8.0
"asthmalyf",1.0
"asthmaprobs",2.0
"asthmaprobz",1.0
"astrazeneca",1.0
"atherosclerosis",2.0
"austintoxforum",2.0
"australiansforcoal",1.0
"authentic",1.0
"autism",1.0
"autismchat",5.0
"autocorrect",1.0
"avctv",1.0
"avianflu",2.0
"avoidit",1.0
"awesome",1.0
"azathioprine",1.0
"baby",1.0
"backchannel",1.0
"baclofen",1.0
"baclofene",1.0
"bad",1.0
"badass",1.0
"badboss",1.0
"baddream",1.0
"badgerms",1.0
"badnurse",1.0
"badparents",1.0
"bainofmylife",1.0
"bald",1.0
"baldness",1.0
"baller",1.0
"ballin",1.0
"bandaid",1.0
"bankisopen",1.0
"banvetdiclofenac",1.0
"barcamphk",1.0
"barkingandstrepthroat",1.0
"barrdout",1.0
"barywhite",1.0
"bastards",1.0
"batches",1.0
"bazinga",1.0
"bbc2",1.0
"bbhwithmscom",1.0
"bbqt",1.0
"bbwla",1.0
"bchc",2.0
"bcpoli",2.0
"bcsm",2.0
"beach",1.0
"beactive",1.0
"beakhealthy",1.0
"beatMS",1.0
"beatms",1.0
"beautifuloutside",1.0
"bedridden",1.0
"bedroomtax",1.0
"beeteam",1.0
"benzodiazepines",1.0
"best",1.0
"bestrong",1.0
"bestthingivesaidallday",1.0
"betterlatethannever",1.0
"bewell",1.0
"beyaz",1.0
"beyondreal",1.0
"bgnow",2.0
"bi",1.0
"bigPharma",1.0
"bigbaby",1.0
"bigdata",2.0
"bigdifference",1.0
"biggestbaby",1.0
"biggirl",1.0
"biggirlnow",1.0
"biggirlstatus",1.0
"bignews",1.0
"bigpharma",2.0
"bigpharmastinks",1.0
"bigsmiles",1.0
"bigstronghands",1.0
"bikramyoga",1.0
"bingung",1.0
"biological",1.0
"biologics",3.0
"biopharma",2.0
"biosimilar",9.0
"biosimilars",5.0
"biotech",3.0
"bipolar",17.0
"bipolar2",1.0
"bipolarlifestylechoice",3.0
"bipolarscks",1.0
"birdflu",2.0
"birthcontrol",5.0
"bishwhet",1.0
"bismaniaorg",1.0
"bisphosphonate",1.0
"bitstrips",1.0
"blackmirror",1.0
"blackspots",1.0
"blagh",1.0
"bleh",1.0
"blehdrugs",1.0
"blessed",4.0
"blessings",1.0
"blink",1.0
"bloated",1.0
"blockingyouracidproduction",1.0
"blood_clot",1.0
"bloods",1.0
"boards",1.0
"boardsenceless",1.0
"bodytemple",1.0
"bodytone",1.0
"bone",1.0
"bonekabandung",1.0
"bonekawisuda",1.0
"bonemarrowbiopsy",2.0
"bonewars",1.0
"bonnaroo",1.0
"bonus",1.0
"boo",1.0
"boringbeingsick",1.0
"boston",1.0
"bout",1.0
"bpd",3.0
"bpdchat",2.0
"bpdfriends",1.0
"bpnichol",1.0
"braincanceractionweek",1.0
"braincandy",1.0
"brainsdead",1.0
"brandedentertainment",1.0
"branding",1.0
"breakfast",1.0
"breakfastofchampions",1.0
"breakingthings",1.0
"breastcancer",3.0
"brilinta",1.0
"bringbackthegoodstuff",1.0
"bringonthefluiguess",1.0
"british",1.0
"brittlebetty",1.0
"bruinsgettinscrewed",1.0
"bse",1.0
"bts",1.0
"btsm",1.0
"bupe",1.0
"burninguprightnow",1.0
"bus3probs",1.0
"businessreviews",1.0
"butreally",1.0
"butseriouslydoe",1.0
"buzzkill",1.0
"bvdadNews",1.0
"byetta",1.0
"cachejobs",2.0
"caep13",1.0
"caffine",1.0
"calgon",1.0
"camhRounds",3.0
"can",1.0
"canada",1.0
"cancer",6.0
"cancersux",2.0
"candyaddict",1.0
"cannabis",1.0
"cantbetheonlyone",1.0
"cantdeal",1.0
"cantescape",1.0
"cantfindgreatdoc",1.0
"cantfocus",1.0
"canthang",1.0
"cantholdagoodgermdown",1.0
"cantliftmyleftarm",1.0
"cantmove",1.0
"cantsayno",1.0
"cantsleep",2.0
"cantstopsweating",1.0
"canucks",1.0
"captainobvious",1.0
"cardiacnurse",1.0
"cardio",1.0
"cardiology",1.0
"cardiospecific",1.0
"cardiovascular",3.0
"cardioversion",3.0
"careerkiller",1.0
"carersweek",1.0
"cartoons",1.0
"cash",1.0
"catanalgesia",1.0
"catchmuthafuken22",1.0
"cawine",1.0
"cbcmtl",1.0
"cbs13",1.0
"cdc",1.0
"cdcwhistleblower",8.0
"cdnpoli",4.0
"cdsn",1.0
"celebrity",1.0
"celexa",1.0
"ceo",1.0
"ceoExelon",1.0
"cfpositivity",1.0
"cfproblems",1.0
"chakraBalancing",1.0
"chakras",1.0
"changedmylife",1.0
"changethechannel",1.0
"cheap",1.0
"cheapflushots",1.0
"cheflife",1.0
"chemoembolization",1.0
"chicago",1.0
"chicken",1.0
"chiefmedicalofficer",1.0
"child",1.0
"chiropractic",1.0
"chocolate",1.0
"chocolatemartini",1.0
"cholesterol",2.0
"chrons",1.0
"cillaxin",1.0
"cipla",1.0
"cipro",2.0
"ciprofloxacin",4.0
"clashofclans",2.0
"classicpattz",1.0
"cle20",1.0
"cleanroom",1.0
"clindamycin",1.0
"clinic",1.0
"clinical",2.0
"clinicalquery",1.0
"clinicaltrial",1.0
"clinicaltrials",1.0
"closebutnocigar",1.0
"cloud9",2.0
"cmicompas",1.0
"cnn",1.0
"coccydynia",1.0
"cold",2.0
"colleague",1.0
"college",1.0
"collegelife",1.0
"coloradosprings",1.0
"comedyGOLD",1.0
"comedygala",1.0
"comeon",1.0
"comercialIRemember",1.0
"comilla",1.0
"commercials",1.0
"complex",1.0
"compliance",1.0
"confed2014",1.0
"confessionsofaratchet",1.0
"confused",3.0
"confusion",1.0
"connectingthedots",1.0
"conspiracy",2.0
"conspiracyshit",1.0
"constantcontact",4.0
"constipationproblems",1.0
"consumerlaw",1.0
"contest",1.0
"coolassshit",1.0
"coolfacts",1.0
"copayassistance",1.0
"copd",2.0
"copyandpaste",1.0
"correct",1.0
"corridorrealities",1.0
"corruption",1.0
"coughbecomeverybad",1.0
"coughcough",2.0
"coughingTheWholeDay",1.0
"counterfeits",1.0
"counterproductive",1.0
"coupon",1.0
"courtreporting",1.0
"covert",1.0
"cpc13",1.0
"cpc14",1.0
"cpc15",1.0
"crackedout",2.0
"craft",1.0
"cramps",1.0
"crazymofos",1.0
"crickets",1.0
"crohnie",2.0
"crohnies",1.0
"crohns",34.0
"crohnsFamily",1.0
"crohnsProblems",1.0
"crohnsdisease",3.0
"crohnsproblem",1.0
"crohnsproblems",4.0
"crohnssucks",1.0
"crossedfingers",1.0
"crowdsourcedmedicaladvice",1.0
"cry",1.0
"csim2013",1.0
"csn14",4.0
"cupcake",1.0
"cured",1.0
"current",2.0
"custserv",2.0
"cvs",3.0
"cycling",1.0
"cymbalta",8.0
"cysticfibrosis",1.0
"dTTCOYD",3.0
"dabigatran",5.0
"dadjokes",1.0
"daedra",1.0
"dailyaha",1.0
"dallas",3.0
"dammit",1.0
"damn",2.0
"damnheadache",1.0
"dat",1.0
"daymade",1.0
"dblog",1.0
"ddw",1.0
"deal",1.0
"dearsomeone",1.0
"death",2.0
"deblasio",1.0
"decisionsdecisions",1.0
"decisons",1.0
"deerinheadlights",1.0
"delighted",1.0
"delightful",1.0
"delish",1.0
"deliverance",1.0
"demc13",1.0
"dementia",1.0
"denosumab",2.0
"denville",1.0
"depressed",2.0
"depressedsingers",1.0
"depressing",1.0
"depression",9.0
"depressionhurts",2.0
"design",1.0
"dhfcolor",1.0
"diabetes",29.0
"diabetic",4.0
"diabetics",10.0
"diagnosedBPd",1.0
"didyouknow",1.0
"dies",1.0
"diet",4.0
"digoxin",1.0
"dinosaur",1.0
"discontinuation",1.0
"disease",18.0
"diseases",1.0
"disgusted",1.0
"disneyprincesshigh",1.0
"dispatches",4.0
"diuretics",1.0
"djbfirswood",1.0
"doc",1.0
"doctor",1.0
"doctoralstudentlife",1.0
"doctors",1.0
"doctorsconversations",1.0
"docvoc",1.0
"dodgylegs",1.0
"doesthatmakemeaweirdo",1.0
"dog",1.0
"dogs",1.0
"doingthisforawhile",1.0
"domedswork",1.0
"done",2.0
"donein",1.0
"dontcallmecrazy",1.0
"dontgetaflushot",1.0
"dontgetsick",1.0
"donthatebewbew",1.0
"dontjudge",1.0
"dontjudgeme",1.0
"dontpickme",1.0
"dontsharecigars",1.0
"donttakeash",1.0
"doobie",1.0
"doom",1.0
"doping",1.0
"doravirine",1.0
"download",2.0
"downlow",1.0
"doyoublink",1.0
"dpc",1.0
"dpcsummit2014",1.0
"dragoncon",1.0
"drinking",1.0
"drinkingproblems",1.0
"droplikeanearthquake",1.0
"drug",6.0
"drugcommercials",1.0
"drugfail",1.0
"drugfree",1.0
"druggie",2.0
"druggies",1.0
"druginfo",1.0
"drugs",6.0
"drugtrivia",1.0
"drunksket",1.0
"drurgs",1.0
"dsma",2.0
"dubai",1.0
"duh",2.0
"duloxetine",2.0
"dumb",1.0
"dupagecounty",1.0
"dwhmn",1.0
"dysfunctionalmovies",1.0
"e",1.0
"e4pbarca",1.0
"eROAR",1.0
"eaaci2014",2.0
"easd2014",2.0
"ebola",1.0
"ebriefs",1.0
"ecigfacts",1.0
"ecigs",1.0
"economicclubofwash",1.0
"edctpforum",1.0
"edshow",1.0
"educate",1.0
"education",1.0
"eek",1.0
"eerocastren",1.0
"effexor",6.0
"eggs",1.0
"ehealth",1.0
"ehr",1.0
"ehraeuropace",5.0
"elderly",1.0
"elearningperks",1.0
"elephantintheroom",1.0
"elililly",1.0
"eliquiscommercialsbad",1.0
"embarrassing",1.0
"emconf",2.0
"emissions",1.0
"emotional",1.0
"emplaw",1.0
"employee",1.0
"employeewellness",1.0
"emr",1.0
"enbrel",13.0
"endo",1.0
"endo2013",2.0
"endoalphabet",1.0
"endocrinology",2.0
"endometriosis",2.0
"endosisters",1.0
"endpolio",1.0
"ensures",1.0
"entrepreneur",3.0
"environmentalissues",1.0
"eotd",1.0
"epharmDupdate",1.0
"ephmra",1.0
"epicfail",1.0
"epilepsy",4.0
"equityworks",1.0
"espncommercials",1.0
"essendon",1.0
"etanercept",2.0
"ethiopiaspring2013",1.0
"etiquette",1.0
"eugenics",1.0
"eupoli",1.0
"eventuallyyouwillknow",1.0
"every28days",1.0
"examssuck",1.0
"excited",1.0
"exciting",1.0
"exercise",2.0
"eyedea",1.0
"facepalm",1.0
"fact",2.0
"facts",2.0
"fail",7.0
"faith",1.0
"fall",1.0
"family",1.0
"farmakologi",1.0
"fart",1.0
"fastreliefmyass",1.0
"fatigue",2.0
"fatkidprobs",1.0
"favorite",1.0
"fb",13.0
"fbcgchildproblems",1.0
"fedup",1.0
"feedly",1.0
"feedthemachine",1.0
"feelbettersoon",1.0
"feelinglucky",2.0
"feelingmuchbetter",1.0
"feelinlikeshit",1.0
"feelsgood",1.0
"feelsorryformycats",1.0
"ferret",1.0
"fever",1.0
"ff",2.0
"ffc13",1.0
"fibro",1.0
"fibroblasts",1.0
"fibromyalgia",3.0
"fight",1.0
"fightPain",1.0
"fighter",2.0
"fightflu",4.0
"fightfluBC",1.0
"fightingMS",1.0
"fightingra",1.0
"finals",2.0
"finalsweek",1.0
"finance",1.0
"finderskeepers",1.0
"firefighterproblems",1.0
"firstworldproblems",2.0
"firstworldprobs",1.0
"fistula",1.0
"fitness",2.0
"fixmytude",1.0
"flacco",1.0
"fleetwoodfac",1.0
"floroquinolones",1.0
"floxed",1.0
"floxxed",1.0
"flu",92.0
"fluMist",1.0
"fluRemedy",1.0
"flublok",1.0
"fluchamp",2.0
"fluchat",1.0
"flueseason",1.0
"flufacts",2.0
"flufighter",1.0
"flufighters",1.0
"flufree",2.0
"flujab",1.0
"fluoxetine",22.0
"fluoxitine",2.0
"fluproof",2.0
"flusafe",6.0
"fluscenario",3.0
"fluseason",11.0
"flushot",26.0
"flushot2014",1.0
"flushots",4.0
"flushotshoutout",7.0
"flushotsrock",1.0
"flushotwhimp",1.0
"flusmart",1.0
"fluvaccine",6.0
"fluvaccines",1.0
"fluvax",2.0
"fml",3.0
"fmlimugly",1.0
"fmrevolution",1.0
"foamed",1.0
"foamped",1.0
"focusfocusfocus",1.0
"foe",1.0
"follow",1.0
"followers",1.0
"followthediet",1.0
"followuptweet",1.0
"foodies",1.0
"foodporn",1.0
"forbes",1.0
"forciblynocturnal",1.0
"foreversick",1.0
"foundthecure",1.0
"foursquare",1.0
"fox25",1.0
"fox5",1.0
"foxnews",1.0
"freaky",1.0
"free",3.0
"freeflushots",1.0
"freefoodiguess",1.0
"freesimmons",1.0
"fruits",1.0
"fuck",2.0
"fuckMRSA",1.0
"fuckcancer",1.0
"fuckingOuch",1.0
"fuckitletsdothis",1.0
"fuckkk",1.0
"fuckms",2.0
"fuckoff",1.0
"fuckthegovernment",1.0
"fuckyeah",1.0
"fuckyou",1.0
"fud",1.0
"fullchainmailoutfitplease",1.0
"fullofcold",1.0
"fullstarsky",1.0
"fumarate",1.0
"fun",4.0
"funfactfriday",1.0
"funfacts",1.0
"funinthesun",1.0
"funny",1.0
"funtimes",1.0
"funwithnames",1.0
"g493rocktheshot",1.0
"g4j14",1.0
"gabapentin",1.0
"gahaman",1.0
"galactogogue",1.0
"gamechanger",1.0
"gamergate",1.0
"gananoque",1.0
"gay",1.0
"gbdoc",2.0
"gboyproblems",1.0
"gc",1.0
"gdilf",1.0
"geektweet",1.0
"gemmacollins",1.0
"generalmedical",1.0
"generic",2.0
"geriatrics",1.0
"geriatricsconference",1.0
"germaphobic",1.0
"getafluvax",2.0
"getfamiliar",1.0
"getitgurl",1.0
"getonmylevel",1.0
"gettinguphitofthesummer",1.0
"gettinshitdone",1.0
"getvaccinated",2.0
"getwellmileycyrus",1.0
"getyourflushot",1.0
"gfilf",1.0
"ghettonames",1.0
"gingerhammer",1.0
"giveashot",2.0
"gizmodo",1.0
"globalwarming",1.0
"gmo",1.0
"goawayflu",1.0
"gobananas",1.0
"gofigure",1.0
"golden",1.0
"goldenglobes",1.0
"gonnafeellikeshit",1.0
"goodbyemylove",1.0
"goodhealth",1.0
"goodjobimmunesystem",1.0
"goodluckwiththat",1.0
"goodnews",1.0
"goodnight",3.0
"goodnightworld",1.0
"goodtaglinewrongproduct",1.0
"googlenews",1.0
"gossip",1.0
"gottakillmetosaveme",1.0
"gottauseit",1.0
"gout",2.0
"governmentdrug",1.0
"governmentpoison",1.0
"gpgeneral",1.0
"gpilf",1.0
"grafamic",1.0
"grapefruit",1.0
"gratefulmed",1.0
"grayrock",1.0
"great",1.0
"greatdays",1.0
"greenleaf",1.0
"greens",1.0
"greta",1.0
"gross",2.0
"growupaviva",1.0
"gte3",1.0
"gueststogarters",1.0
"h1n1",2.0
"h50",1.0
"hadoop",1.0
"hala",1.0
"halifax",1.0
"halp",1.0
"handsupdontshoot",2.0
"hangry",1.0
"happiness",1.0
"happy",2.0
"happybirthdaytome",1.0
"happymental",2.0
"harmred14",1.0
"hashimotos",1.0
"hateInsomnia",1.0
"hatebeingsick",1.0
"hatecrohns",1.0
"hateit",1.0
"hateneedles",1.0
"haters",1.0
"hateshots",1.0
"hawaii",1.0
"hcsm",5.0
"hcsmeu",1.0
"headache",2.0
"headlines",2.0
"health",78.0
"health2con",1.0
"healthcare",5.0
"healthcareequality",1.0
"healthfood",1.0
"healthy",2.0
"healthyaging",1.0
"healthyky",1.0
"healthypumas",1.0
"healthyschool",1.0
"heart",2.0
"hearthealth",1.0
"hearthiswell",2.0
"hehe",1.0
"hellno",1.0
"helloweightgain",1.0
"hellyeah",1.0
"help",5.0
"helps",1.0
"hepatitis",1.0
"herecomesindy",1.0
"heyo",1.0
"hhrs",1.0
"hieveryonebemyfriendiloveyou",1.0
"hiphop",1.0
"hiring",1.0
"hiv",1.0
"hknews",1.0
"hlnzimmermantrial",1.0
"holbycity",1.0
"holistic",1.0
"holisticalternatives",1.0
"homecare",1.0
"homeopathy",1.0
"homer",1.0
"homesweethome",1.0
"honey",1.0
"hopeful",1.0
"hopeidontseeroosters",1.0
"hopetheyhaveacrisisplan",1.0
"hot",2.0
"hotflashes",3.0
"hotmess",1.0
"hou",1.0
"howdidthefdapassthis",1.0
"howisthatbetterthanbeingsick",1.0
"hpmglobal",1.0
"hpv",1.0
"humira",43.0
"humor",3.0
"humour",1.0
"hurts",2.0
"hydroxyzine",1.0
"hypercritical",1.0
"hyperinflation",1.0
"hypertension",2.0
"hypochondria",1.0
"hypocrite",1.0
"hypothyroidprobs",1.0
"i",1.0
"iHateMyMeds",1.0
"iPhoneUpdate",1.0
"iTweetFacts",1.0
"iamtheherd",1.0
"ibd",5.0
"ibdsucks",1.0
"ibmpulse",1.0
"ibs",2.0
"icangivethembutcanttakethem",1.0
"icannotgetsick",1.0
"icantbreathe",2.0
"icareinfo",1.0
"icouldstudyforfinalsidonthave",1.0
"idiot",1.0
"idol",1.0
"idontfuckaround",1.0
"idontknow",1.0
"idratherbedepressed",1.0
"ifitsfreeitsforme",1.0
"ifitwasntfor",1.0
"ifyousayso",1.0
"ihatechu",1.0
"ihateneedles",2.0
"ihateragweed",1.0
"ihatethestampeders",1.0
"ihatethis",1.0
"ihea2013",2.0
"iheartcaregivers",1.0
"ihopemybossbails",1.0
"iknow",1.0
"ilearned",1.0
"illeostomy",1.0
"illexplainlater",1.0
"ilovethelionking",1.0
"ily",1.0
"im",1.0
"im2014",2.0
"imabiggirlnow",1.0
"imaboss",1.0
"imaginaryillness",1.0
"immune",2.0
"immuneboost",1.0
"immuneboosters",1.0
"immunedeficiency",1.0
"immunesystem",3.0
"immunizationawarenessmonth",1.0
"immunizations",1.0
"impossible",1.0
"impraying",1.0
"imsick",1.0
"in",1.0
"inacep2014",2.0
"inalmannitrust",1.0
"inappropriate",1.0
"india",2.0
"indirectyourex",1.0
"ineedamassage",1.0
"ineedit",1.0
"ineedsummer",1.0
"infectioncontrol",1.0
"infectionprevention",1.0
"infertilitysucks",1.0
"influence",2.0
"influenza",12.0
"infographic",1.0
"informs2014",1.0
"infusion",1.0
"inhalation",1.0
"inners",1.0
"insomaniac",1.0
"insomina",1.0
"insomnia",5.0
"insomniacentral",1.0
"insomniacsongs",1.0
"inspiring",1.0
"insulin",1.0
"insulinresistance",1.0
"integrativehealth",1.0
"interiorlighting",1.0
"intervention",1.0
"investing",1.0
"irishbizparty",1.0
"irishsummer",1.0
"irony",3.0
"irritable",1.0
"ishitmypants",1.0
"isitworking",1.0
"israel",3.0
"isth2013",3.0
"itake18pillsadayalready",1.0
"itching",1.0
"itdoeswonders",1.0
"its360",1.0
"itsathing",1.0
"itsgonnabealongnight",1.0
"itsnotworking",1.0
"itsthelittlethings",1.0
"iwantmySCSback",1.0
"iwantmytattoomorethantysabri",1.0
"iwanttobeabletoeat",1.0
"iwish",1.0
"iwouldknow",1.0
"j4tm",1.0
"januvia",2.0
"jdrf",1.0
"jelly",1.0
"jenniferfisher",1.0
"jennisms",1.0
"jerks",1.0
"jeucyoscarparty",1.0
"jfc",1.0
"jfisherjewelry",1.0
"jigsawmedicalnews",1.0
"jinx",1.0
"jk",1.0
"jkimactuallysickathome",1.0
"job",1.0
"jobs",6.0
"jobsearch",1.0
"jobsila",2.0
"jokes",2.0
"jpmpickuplines",1.0
"jpouch",1.0
"juiceplus",1.0
"jumpedupmechanics",1.0
"junkiediary",1.0
"justaddanother",1.0
"justgirlythings",1.0
"justiceforp",1.0
"justmyluck",1.0
"justsayin",1.0
"justsaying",3.0
"justsayno",1.0
"justthefacts",1.0
"k",1.0
"karaoke",1.0
"katawashoujo",1.0
"kaylynnematten",1.0
"kayod",1.0
"keepingfingerscrossed",1.0
"kelowna",1.0
"kentuckywildcats",1.0
"kexy",1.0
"kidney",1.0
"kids",1.0
"kindlyfuckoff",1.0
"kindness",1.0
"kingarthur",1.0
"klonopin",1.0
"klonopins",1.0
"knitting",1.0
"knockedout",1.0
"knockonwood",1.0
"knuckifyoubuck",1.0
"kpins",1.0
"kpmaschat",1.0
"ksdk",1.0
"kudos",1.0
"ky",1.0
"kyga14",6.0
"labanmsd",1.0
"lamictal",1.0
"lamotrigine",3.0
"lastfm",1.0
"lastword",1.0
"latakia",1.0
"latg",1.0
"latuda",3.0
"latudaandautism",1.0
"lccgc",1.0
"ldnont",1.0
"learndatshit",1.0
"learntolovethem",1.0
"legalexaminer",1.0
"legalfunding",1.0
"legalize",1.0
"legalizecannabis",1.0
"letsrollamerica",1.0
"letstalkflu",1.0
"leusm",1.0
"levaquin",3.0
"levofloxacin",1.0
"levothyroxine",1.0
"lies",2.0
"life",1.0
"lifeonmeds",1.0
"lifesaver",3.0
"lifestyle",1.0
"lifesucks",1.0
"lifewithan80yearoldbody",1.0
"ligaments",1.0
"lightinganddesign",1.0
"likeforlike",1.0
"likerightnow",1.0
"likes",2.0
"limbic",1.0
"linagliptin",1.0
"lipid",1.0
"liraglutide",1.0
"listenlive",2.0
"lithium",1.0
"lithiumlevel",1.0
"littlevictories",1.0
"liveonkomoradio",1.0
"liver",1.0
"living",1.0
"livingwithmyeloma",1.0
"lmao",1.0
"lmswageer",1.0
"localnews",2.0
"lol",3.0
"lollipops4days",1.0
"lololol",1.0
"lomitapide",1.0
"longday",1.0
"longlistofbadbadthings",1.0
"longnight",1.0
"longweekend",1.0
"lookedjustlikehim",1.0
"lookingyoung",1.0
"looool",1.0
"losartan",1.0
"loss",1.0
"lossofconsciousness",1.0
"lossofnervessideeffect",1.0
"lovejo",1.0
"lovemarytho",1.0
"lovemesomeclean",1.0
"lovemynewrheumy",1.0
"lowermortality",1.0
"lozenge",11.0
"lunch",1.0
"lunesta",1.0
"lung",1.0
"lunglover",1.0
"lupus",1.0
"lurasidone",1.0
"luvthatword",1.0
"lyme",2.0
"lymsm",1.0
"lyrical",1.0
"maaua14",2.0
"maddow",1.0
"madmobapp",1.0
"magic",1.0
"magicswizzle",1.0
"makeitstop",1.0
"makenosense",1.0
"malbec",1.0
"manflu",1.0
"mania",1.0
"market",1.0
"marketing",5.0
"masterofallwisdom",1.0
"matindepangangailangan",1.0
"mature",1.0
"max",1.0
"mbb",1.0
"mcxftw",1.0
"me",2.0
"med433",1.0
"meded",3.0
"media",1.0
"medical",4.0
"medicallife",1.0
"medicalmarijuana",1.0
"medicalsongs",1.0
"medicatedamerica",1.0
"medication",2.0
"medications",1.0
"medicina",1.0
"medicine",10.0
"medicinecabinet",1.0
"medicprobs",1.0
"medpass",1.0
"medquiz",1.0
"medregssafehuh",1.0
"meds",1.0
"medsafety",1.0
"medschool",2.0
"medsindia",1.0
"medtalk",1.0
"memantine",1.0
"menalhealth",1.0
"menopause",1.0
"mental",1.0
"mentalhealth",3.0
"meow",1.0
"merck",1.0
"merica",1.0
"meridialuminaire",1.0
"metabolic",1.0
"metformin",2.0
"methadone",1.0
"metoprolol",2.0
"mghvgr",1.0
"mh",1.0
"mhchat",1.0
"microalbuminuria",1.0
"middlevillage",1.0
"midvill",1.0
"migraine",1.0
"migraines",2.0
"mildfluseason",1.0
"mildlyannoying",1.0
"mileycyrus",1.0
"military",1.0
"mimswhconf",1.0
"minimoon",1.0
"mipomersin",1.0
"miracledrug",1.0
"miralaxChallebge",1.0
"mirtazapine",1.0
"misconceptions",1.0
"misdme",1.0
"misleading",1.0
"missadd",1.0
"mitralvalveprolapse",1.0
"miyalom",1.0
"mlm",1.0
"mmsm",7.0
"mobilemortgagebroker",1.0
"mommy",1.0
"money",1.0
"moneyneversleeps",1.0
"monkeybaby",1.0
"monopolyproblems",1.0
"monthlongsickness",1.0
"moodydaughter",1.0
"moralofthestory",1.0
"morocco",1.0
"motherday",1.0
"ms",4.0
"msfightback",1.0
"msleg",1.0
"msproblems",1.0
"mssucks",2.0
"mucinex",1.0
"muddys",1.0
"muddysbakeshop",1.0
"mullingar",1.0
"multiplesclerosis",2.0
"multitasking",1.0
"multivitamin",1.0
"musicfans",1.0
"muslims",3.0
"mustread",1.0
"myarmissore",1.0
"mybiggestchallenge",1.0
"myboyfriendisnotallowedto",1.0
"myboyfriendsintech",1.0
"myelitis",1.0
"myeloma",8.0
"myinfluenzasenseistingling",1.0
"mylifesucks",1.0
"myrtlebeach",1.0
"myteamrocks",1.0
"myths",1.0
"mytwocents",1.0
"myvaxstory",1.0
"nachos",1.0
"naloxone",1.0
"namendys",1.0
"nantucket",1.0
"nap",1.0
"napcrg2014",1.0
"naptime",1.0
"narcolepsy",2.0
"narcolepsyproblems",1.0
"nascar",1.0
"natural",2.0
"naturalremedies",1.0
"nausea",2.0
"navishealth",1.0
"nbadraft",1.0
"nbd",1.0
"nchat",2.0
"nclex",1.0
"neckspasms",1.0
"needanorthopod",1.0
"needle",1.0
"needlephobic",1.0
"needsomesleepsomethinfierce",1.0
"needtoheal",1.0
"nejm",1.0
"nemeroff",1.0
"nephjc",2.0
"nephmadness",1.0
"nerdland",1.0
"nerdy",1.0
"nervous",1.0
"neuro",1.0
"neuroconf",1.0
"neurojournal",1.0
"neuroscience",1.0
"neveragain",5.0
"neverforget",1.0
"nevergethangovers",1.0
"neverthoughtidsaythat",1.0
"new",2.0
"neward",1.0
"newboyfriend",1.0
"newmeds",1.0
"news",31.0
"newsfeed",1.0
"newyork",1.0
"newyorknews",1.0
"nhchealth",1.0
"nhl",1.0
"nhs",1.0
"nicotine",6.0
"nigellalawson",1.0
"night",1.0
"nlpoli",1.0
"nmleg",1.0
"no",6.0
"noadsplease",1.0
"noantidote",1.0
"nocure",1.0
"nodrugs",1.0
"noflu",2.0
"noflu4u",1.0
"nojoke",1.0
"nomorehold",2.0
"nomoreoptions",1.0
"nonicfits",1.0
"nonsmoking",1.0
"noonegetslockjawanymore",1.0
"noooo",1.0
"noooooo",1.0
"nopublicityisbadpublicity",1.0
"noresearch",1.0
"noshame",1.0
"nosleep",4.0
"nosmoke",1.0
"nosociallife",1.0
"nospoonsday",1.0
"not",2.0
"notEbola",1.0
"notanaddict",1.0
"nothanks",1.0
"nothappy",1.0
"nothealthy",1.0
"notme",1.0
"notpaying",1.0
"notrecommended",1.0
"notsmart",1.0
"notworthit",1.0
"notwothesame",1.0
"novoice",1.0
"nowicanactlikeanormalhuman",1.0
"nowiknowhowcjfeel",1.0
"nowplaying",3.0
"np",4.0
"nuclear",2.0
"nuffsaid",1.0
"nurse",1.0
"nurselife",2.0
"nurseproblems",1.0
"nurseprobs",1.0
"nurses",1.0
"nursesearch",1.0
"nursesunderstand",1.0
"nursing",1.0
"nursingschoolproblems",1.0
"nursingschoolprobs",1.0
"nursingschoolprobz",1.0
"nuvaring",2.0
"nvflu",1.0
"nwo",1.0
"nyuprostate14",1.0
"nzcochrane",1.0
"nzgovt",1.0
"obesity",3.0
"occupation",1.0
"ocd",2.0
"ocdproblems",1.0
"offbeat",1.0
"ohsue",1.0
"oknotreally",1.0
"olanzapine",16.0
"olanzepine",1.0
"olazapine",1.0
"old",2.0
"older",1.0
"oldermusicians",1.0
"oldpeoplesexfacts",1.0
"oldpeopletweets",1.0
"oldschoolcolonoscopy",1.0
"olemisspharmacy",1.0
"onceaphotogalwaysaphotog",1.0
"onedoseleft",1.0
"oneofthosedays",1.0
"oneofthosenights",1.0
"only2kindsIwilleatifIhaveachoice",1.0
"onlyme",1.0
"onlyoscarstweet2nite",1.0
"onlytwovocalsettings",1.0
"onmedic",1.0
"onpoli",3.0
"ontrack",1.0
"onywhocanafford",1.0
"oomf",1.0
"opengov",1.0
"openquestion",1.0
"operationimmunity",1.0
"opioids",2.0
"opportunist",1.0
"opps",1.0
"orbitilluminations",1.0
"organic",1.0
"origin",2.0
"orphandrugs",1.0
"oscar",1.0
"oscars",4.0
"osteonecrosis",1.0
"osteophorosis",1.0
"osteoporosis",7.0
"ottnews",1.0
"ouch",5.0
"oupas",1.0
"ourD",1.0
"outbreakmonkey",1.0
"outrage",1.0
"ovary",1.0
"overdose",1.0
"overthecounter",1.0
"overtired",1.0
"ow",1.0
"oww",1.0
"oxiic",1.0
"ozdoc",2.0
"ozquestion",1.0
"p2",2.0
"pacenation",1.0
"pacvet2013",1.0
"paidtobabysit",1.0
"paidtoclick",1.0
"pain",4.0
"painful",2.0
"painfull",1.0
"painmanagement",1.0
"painmeds",1.0
"painorwine",1.0
"painrds",1.0
"painsomnia",2.0
"palHOAX",1.0
"paleo",1.0
"palmsprings",1.0
"pandemic",1.0
"panera",1.0
"panic",2.0
"panicattack",1.0
"paphos",1.0
"pappyissues",1.0
"parenthood",1.0
"parenting",1.0
"parents",1.0
"parentsconvincedme",1.0
"paroxetine",3.0
"partyanimals",1.0
"pas2013",1.0
"patent",5.0
"patents",1.0
"pathogenposse",4.0
"patient",1.0
"patienttransport",1.0
"pauladeen",2.0
"pauladeentoday",1.0
"paxflu",2.0
"paxil",10.0
"payitforward",1.0
"pca",4.0
"pcosproblems",1.0
"pcrsukconf2014",2.0
"pdx",1.0
"pediatrics",1.0
"pei",2.0
"pennem",1.0
"people",1.0
"perfect",1.0
"perfectbiscuit",1.0
"period",1.0
"peripheralneuropathy",1.0
"perk",1.0
"perksofarthritis",1.0
"perolike",1.0
"perthnews",1.0
"pertussis",1.0
"pets",1.0
"pgpost",1.0
"pharma",15.0
"pharmaceutical",1.0
"pharmaceuticals",1.0
"pharmacist",4.0
"pharmacists",1.0
"pharmacology",1.0
"pharmacy",9.0
"pharmacyaprilfools",1.0
"pharmacyeverywhere",1.0
"pharmacyhorizon",1.0
"pharmacylife",1.0
"pharmacyproblems",2.0
"pharmacyprobs",4.0
"pharmacyquestions",1.0
"pharmacystudentstuggles",1.0
"pharmacytweets",1.0
"pharmjokes",1.0
"pharmproblems",1.0
"pharmprobs",1.0
"pharmschoolproblems",1.0
"pharmsohard",1.0
"pharmtech",1.0
"pharmtechlife",1.0
"phillytox14",1.0
"photooftheday",1.0
"phrmamarketing",1.0
"phsm",1.0
"phuckit",1.0
"phuckyofresh",1.0
"pickone",1.0
"picky",1.0
"pillchat",1.0
"pills",1.0
"pillswappingstories",1.0
"pinchedNerve",1.0
"pinksheet",1.0
"pipeandslippersforalex",1.0
"pipesFF",1.0
"pissed",2.0
"pizzas",1.0
"planetoftheapes",1.0
"playboy",1.0
"please",1.0
"pleasebeworthit",1.0
"pleasegodno",1.0
"pmawards",2.0
"pneumonia",1.0
"pnhp2014",1.0
"podcast",1.0
"poetry",1.0
"pointless",1.0
"poison",1.0
"policymeeting",1.0
"poopmovies",1.0
"poopoo",1.0
"poorlypicklepot",1.0
"poorreporting",1.0
"populationcontrol",2.0
"porcelaingod",1.0
"porn",3.0
"potweedcannnabis",1.0
"poultry",2.0
"practicepoint",1.0
"pradaxa",1.0
"prayer",1.0
"prayersforashley",1.0
"prebreak",1.0
"pregabalin",2.0
"pregnancy",8.0
"pregnant",1.0
"prepem",1.0
"preppers",1.0
"preppertalk",1.0
"preregtips",1.0
"prescribingexam",1.0
"prescriptiondrugorblackwomansname",1.0
"preventingtheflu",1.0
"prevention",2.0
"preventionnotcure",1.0
"preventivecare",1.0
"prices",1.0
"pricey",1.0
"primarycare",1.0
"priorities",2.0
"pristiq",1.0
"private",1.0
"prize",1.0
"prnightmare",1.0
"probono",1.0
"probz",1.0
"prochoice",1.0
"productliability",1.0
"productplacement",2.0
"progress",1.0
"projectecho",2.0
"prolia",1.0
"prolife",1.0
"propaganda",1.0
"prostatecancer",1.0
"protects",1.0
"protestingflushot",1.0
"proud",1.0
"provaccination",1.0
"prozac",6.0
"prozacnation",1.0
"ps14",1.0
"psa",1.0
"psgt",1.0
"psoriasis",7.0
"psoriatic",4.0
"psoriaticarthritis",1.0
"psotx",1.0
"psu",1.0
"psych",1.0
"psych13",1.0
"psychiatric",1.0
"psychiatrist",2.0
"psychiatry",1.0
"psychmeetser",1.0
"psychology",2.0
"psychopathetic",1.0
"psychosis",2.0
"psychprobs",1.0
"ptcb",1.0
"ptsafety",1.0
"puberty",1.0
"publichealth",3.0
"pulserate",1.0
"punintended",1.0
"purrfect",1.0
"puss",1.0
"pussy",1.0
"qanda",1.0
"qt",1.0
"que",1.0
"quetiapine",24.0
"quetispine",1.0
"quitsmoking",2.0
"quittingcigs",1.0
"quiz",1.0
"quizfanbo",1.0
"ra",1.0
"rachet",1.0
"radiatepositivity",1.0
"randomfact",1.0
"randomness",1.0
"rashy",1.0
"rasucks",2.0
"ratchet",1.0
"rattled",1.0
"ravebodychat",1.0
"ravens",1.0
"rcpeDiabetes14",1.0
"rcpeStAs14",1.0
"rd2be",1.0
"rduk",1.0
"reading",1.0
"readthebooks",1.0
"realfood",1.0
"reality",1.0
"recoverymode",1.0
"rediculousdrugshortages",1.0
"referral",1.0
"rejectedAdventHymnTitles",1.0
"remedy",1.0
"remicade",4.0
"remiccade",1.0
"remix",1.0
"replytweet",4.0
"rescue",1.0
"research",2.0
"researchstudy",1.0
"resep",1.0
"respiratory",1.0
"retina",2.0
"returnoftheduckface",1.0
"reuters",1.0
"revisiontweets",1.0
"rheum",54.0
"rheum2014",1.0
"rheumatoid",1.0
"rheumatoidarthritis",2.0
"rheumy",1.0
"rhony",1.0
"rich",1.0
"ridiculous",2.0
"rifampicin",1.0
"rightwing",1.0
"riparm",1.0
"riplocaljournalism",1.0
"ripprince",1.0
"risk",1.0
"riteaid",1.0
"rivaroxaban",1.0
"rockford_il",1.0
"rockstar",2.0
"rotreuma",1.0
"routinewreck",1.0
"royals",1.0
"rp",1.0
"rpg",3.0
"rsdprobs",1.0
"rtmswolves",1.0
"rum",1.0
"rvpvolley",1.0
"rxabuse",1.0
"rxrage",1.0
"rxtips",1.0
"saatchi",1.0
"sacredgeometry",1.0
"sacrifice",1.0
"sacroilitis",1.0
"sad",3.0
"sadtruths",1.0
"sadtvshows",1.0
"safety",2.0
"sakes",1.0
"sallyfield",3.0
"sandy",1.0
"sante",1.0
"sarawakfm",1.0
"sarcasm",1.0
"sassy881",1.0
"saturdaynight",1.0
"saucy",1.0
"save",1.0
"savedme",1.0
"savedmylife",1.0
"savemoney",1.0
"savethewords",1.0
"saynototheflu",1.0
"sb277",1.0
"sb9",1.0
"scam",3.0
"scared",2.0
"scarredforlife",1.0
"scary",1.0
"scarysocial",1.0
"science",3.0
"sciencestrikesagain",1.0
"scio13",1.0
"scottsgiving",1.0
"screwyouseroquel",1.0
"sct",2.0
"scumbagbrain",1.0
"sea",1.0
"season",1.0
"seb2013",2.0
"security",1.0
"seedproject",1.0
"seeking",1.0
"seepynaptaim",1.0
"sehatpk",1.0
"seizure",2.0
"selfdiagnosis",1.0
"selfharm",1.0
"selfie",1.0
"semtex",1.0
"sendhelp",1.0
"seniorcare",1.0
"seniorcitizenmode",1.0
"seniors",4.0
"seo",2.0
"seriouslykillmeplease",1.0
"seroquel",7.0
"seroxat",1.0
"sertraline",1.0
"serum",1.0
"sewing",1.0
"sfi_live",2.0
"shadyboots",1.0
"shakespearepharmacy",1.0
"shakinglikeapolaroidpicture",1.0
"share",1.0
"shiiiit",1.0
"shit",1.0
"shitgetsweird",1.0
"shiver",1.0
"shop",1.0
"shoppersdrugmart",1.0
"shortattentionspand",1.0
"shot",5.0
"show",1.0
"showmetheevidence",1.0
"shrm12",1.0
"sick",5.0
"sickdoneright",1.0
"sickie",1.0
"sickieproblems",1.0
"sicklife",1.0
"sickling",1.0
"sickonnewyearseve",1.0
"sicksicksick",1.0
"sickwitit",1.0
"side",1.0
"sideeffects",2.0
"sigh",1.0
"sillydrugs",1.0
"simmerdown",1.0
"simvastatin",1.0
"singlepayernow",1.0
"sinusesfromhell",1.0
"siri",1.0
"sisterbonding",1.0
"sizematters",1.0
"skycrapper",1.0
"skyf1",1.0
"skywire",3.0
"sleepdeprived",1.0
"sleepdisorders",1.0
"sleepwillbehad",1.0
"slipperyskin",1.0
"smackoff",6.0
"smallbusiness",3.0
"smalltraybigpill",1.0
"smallvictories",2.0
"smh",3.0
"smile",1.0
"smoke",1.0
"smokers",1.0
"smoking",3.0
"snacktime",1.0
"sneaky",1.0
"sniffles",1.0
"sobertwat",2.0
"socialanxiety",1.0
"socialise",1.0
"socialism",1.0
"sodepressing",1.0
"sofrito",1.0
"solution",1.0
"someonecomeholdmyhand",1.0
"song",1.0
"sonofabitch",1.0
"sonsofanarchy",1.0
"soosick",1.0
"soproud",1.0
"sore",3.0
"sorearms",1.0
"sorryallnatural",1.0
"sorrybabe",1.0
"sos",1.0
"sosick",1.0
"sotrue",1.0
"spasms",1.0
"spazzing",1.0
"speed",1.0
"speedster",1.0
"spelling",1.0
"spine",1.0
"spondylitis",7.0
"sponsoredtweet",1.0
"spoonie",3.0
"spooniechat",2.0
"spoonieprobs",1.0
"spreadthegoodstuff",1.0
"spreadtheword",1.0
"srsly",1.0
"startups",1.0
"starwars",1.0
"statin",1.0
"stayawayflu",1.0
"stayhealthy",2.0
"stayoffthesteroidskids",1.0
"staystrong",1.0
"staywellthiswinter",3.0
"staywoke",1.0
"stcath",1.0
"stdlkids",1.0
"steno",1.0
"stenobriefs",1.0
"stenography",1.0
"stillachild",1.0
"stillalittlekidatheart",1.0
"stillhateshots",1.0
"stillhaventgonetobed",1.0
"stillonhold",1.0
"stl",1.0
"stock",1.0
"stocks",2.0
"stomachparty",1.0
"stopSB277",1.0
"stopmonopolizingthejacobsladder",1.0
"storyofmylife",1.0
"straightpuffin",1.0
"strain",1.0
"strengthen",1.0
"stressingmeout",1.0
"stressoverload",1.0
"strokeoz",1.0
"strongbones",1.0
"strongfinish",1.0
"studying",1.0
"stupidinsurance",1.0
"stupidlungs",1.0
"stupidmedicines",1.0
"suaju",1.0
"suboxone",2.0
"sucker",1.0
"suicidal",1.0
"summer",2.0
"summer2013",1.0
"summerschool",1.0
"sun",1.0
"sundaybrunch",1.0
"supercalifragilisticexpialidocious",1.0
"supplement",1.0
"surgeryblue",1.0
"surreybc",1.0
"survival",1.0
"survivors",1.0
"svengoolie",1.0
"svu",1.0
"svulive",1.0
"swag",3.0
"swanlakesurvival",1.0
"sweden",1.0
"sweettooth",1.0
"sweetypie",1.0
"swimlife",1.0
"swimr",1.0
"swineflu",7.0
"swogonc",1.0
"swoop",1.0
"swtw",1.0
"symbicort",1.0
"synergymiami2014",1.0
"syria",1.0
"t1d",1.0
"t2dm",1.0
"taipei",1.0
"takethatMS",1.0
"tax",1.0
"tcot",4.0
"tdsb",1.0
"teamfiber",1.0
"teamflushot",1.0
"teamfollowback",2.0
"teamhaem",1.0
"teamnocartilage",1.0
"teamplath",1.0
"teamvax",2.0
"tecfidera",1.0
"tech",2.0
"technews",3.0
"technology",1.0
"tendons",1.0
"testify",1.0
"texas",1.0
"tfts",1.0
"tg",1.0
"thalidomide50",1.0
"thankGodforhumira",1.0
"thankgod",1.0
"thanks",2.0
"thanksmom",1.0
"thankyouall",1.0
"thankyounhs",2.0
"thatseason",1.0
"the128",1.0
"thePrincessDiaries",1.0
"theapprentice",1.0
"thecvc",1.0
"thediabetty",1.0
"thedrugsIneed",1.0
"thefeedsbs",1.0
"thelieswearetold",1.0
"thelungrevolution",1.0
"theonlybreakfastineed",1.0
"thermometeristoobig",1.0
"think",1.0
"thisblows",1.0
"thisisamerica",1.0
"thisismylife",1.0
"thisisreno",1.0
"thisistorture",1.0
"thisshouldbefun",1.0
"thisstuffmakesmemiserable",1.0
"thyroid",2.0
"tingly",2.0
"tinyhairsvsbandaid",1.0
"tinytank",1.0
"tiotropium",1.0
"tip",2.0
"tips",1.0
"tisktisk",1.0
"titohandmeatissue",1.0
"tmamtg",1.0
"tmi",1.0
"todayisdoomed",1.0
"toesofsteel",1.0
"toilettuesday",1.0
"tomsriver",1.0
"tonto",1.0
"toobadidomtcare",1.0
"toolittletoolate",1.0
"toomanyhashtags",1.0
"toomanypharmads",1.0
"toosoon",1.0
"tootiredforthis",1.0
"tooturntforyou",1.0
"touchdown3to6",1.0
"toxichellstew",1.0
"toxthurs",3.0
"trapper",2.0
"travellingoutskirts",1.0
"travelroutines",1.0
"travelskills",2.0
"trazodone",4.0
"treatment",1.0
"true",1.0
"trueblood",1.0
"truefeelings",1.0
"truefriend",1.0
"truestory",1.0
"trumpnetwork",1.0
"truth",3.0
"tsbaac14",1.0
"tuberculosis",1.0
"tumblr",1.0
"tumblrgirl",1.0
"tummytrouble",1.0
"turkey",1.0
"turndownforwhat",1.0
"turnt",1.0
"turnup",1.0
"tweaking",1.0
"tweeets",1.0
"twilight",1.0
"twitch",2.0
"twitfrg",2.0
"twothingsthatdontmixwell",2.0
"txfreestyle",1.0
"txlege",2.0
"type2",1.0
"type2diabetes",1.0
"tysabri",20.0
"uark",1.0
"uber",1.0
"uberhealth",1.0
"uclaibdnurses2013",1.0
"ufc",1.0
"ufc162",1.0
"ugh",3.0
"uhealthshare",1.0
"uk",2.0
"uknews",1.0
"ulcerativecolitis",1.0
"unbelievable",1.0
"uncertaintyworkshopIOM",9.0
"uncertaintyworkshopiom",4.0
"undermybed",1.0
"understatement",1.0
"unf",1.0
"unitedingdom",1.0
"unitychats",2.0
"unpredictable",1.0
"unproductive",1.0
"unsafedrugs",1.0
"urologiaperuana",1.0
"usa",1.0
"usmle",2.0
"usopen",1.0
"uspoli",1.0
"uwg",1.0
"vacciNATION",1.0
"vaccinate",1.0
"vaccination",3.0
"vaccinations",3.0
"vaccine",20.0
"vaccines",10.0
"vaccinesnova",1.0
"vaccineswork",6.0
"varenicline",1.0
"vasodilatory",1.0
"vaxfax",4.0
"vaxwithme",1.0
"vegas",1.0
"vegetables",1.0
"venlafaxine",2.0
"veryeffective",1.0
"veterinary",2.0
"victoza",6.0
"viibryd",1.0
"vimpat",1.0
"viral",1.0
"virus",24.0
"viruses",23.0
"vitamind",1.0
"vitaminddeficiency",1.0
"vitamintrain",1.0
"vladproblems",1.0
"vote5sos",1.0
"votefifthharmony",1.0
"votewtf",1.0
"vultures",1.0
"vyvanse",13.0
"wahhh",1.0
"wahwahhhh",1.0
"wakeup",1.0
"warfarin",6.0
"waterdoesntcutit",1.0
"waytobeatreboundcongestion",1.0
"wbuedit5342",1.0
"wePh",1.0
"weak",1.0
"wearethebestdpp4",1.0
"wearethebody",1.0
"wearethepeople",2.0
"web",1.0
"webcomic",1.0
"webdesign",1.0
"wedding",1.0
"weekendflow",1.0
"weight",2.0
"weightLoss",1.0
"weightgain",1.0
"weightloss",7.0
"weirdpharma",1.0
"welcometomyworld",1.0
"wellbeing",1.0
"welldeserved",1.0
"wellness",24.0
"welp",1.0
"wereactuallynot",1.0
"weresotired",1.0
"westernAF",2.0
"westminsterfluday",1.0
"wfu",1.0
"wha13",1.0
"whatanightmare",3.0
"whataseason",1.0
"whatawheeze",1.0
"whateverworks",1.0
"whatislife",1.0
"whatwouldyoudo",1.0
"wheee",1.0
"wheresthepoop",1.0
"whew",1.0
"whilesiblingssawTswiftLiveinNYC",1.0
"whoami",1.0
"whocares",1.0
"wholefood",1.0
"whycantiquityou",1.0
"whychanceit",1.0
"whydoidothis",1.0
"wild",1.0
"wildcatwellness",1.0
"wildnout",1.0
"wildoatsvoices",1.0
"wimbledon2013",2.0
"wimp",1.0
"win",2.0
"windenergy",1.0
"wine",1.0
"winning",3.0
"winterlurgi",1.0
"wired",2.0
"wishtheywouldstop",1.0
"withdrawal",1.0
"withdrawl",1.0
"withdrawls",1.0
"withdraws",1.0
"wittycray",1.0
"wnn7",1.0
"woeisme",1.0
"women",2.0
"womeninscience",1.0
"womenshealth",2.0
"wonderdrug",1.0
"woopwooppartyparty",1.0
"wordoftheday",1.0
"woreout",1.0
"workplacehealth",1.0
"workswonders",1.0
"world",2.0
"worldTobaccoDay",1.0
"worldcup",1.0
"worstchristmassongever",1.0
"worstnameever",1.0
"worthit",1.0
"wow",1.0
"wowyourcool",1.0
"wpro",1.0
"wpxi",1.0
"wral",1.0
"wrongemulator",1.0
"wsaz",1.0
"wtf",3.0
"wtftw",1.0
"wtfwednesday",1.0
"wut",1.0
"xanax",1.0
"xanaxdreams",2.0
"xannies",1.0
"xarelto",4.0
"xfactor",1.0
"xoomainfo",1.0
"yafeel",1.0
"yaforbiologics",1.0
"yayme",1.0
"yaz",1.0
"yeg",1.0
"yesIworkinkidsbooks",1.0
"yesitishelping",1.0
"ygk",1.0
"yikes",2.0
"youbetrippin",1.0
"youknowit",1.0
"youknowwhoyouare",1.0
"youredoingitwrong",1.0
"yournotmydoctor",1.0
"yqr",1.0
"yuck",1.0
"yuk",1.0
"yum",2.0
"yup",1.0
"yuup",1.0
"yyc",2.0
"yycbike",1.0
"yyccc",1.0
"zekelhealthcare",2.0
"zing",1.0
"ziprasidone",3.0
"znation",9.0
"zoloft",1.0
"zombie",1.0
"zombies",5.0
"zometa",2.0
"zyprexa",1.0
"zzzzz",1.0
"Ø¨Ø¹Ø¯Ù…Ø§",1.0
"ÙƒÙŠÙ_ØªØªØ®Ù„Øµ_Ù…Ù†_Ø§Ù„Ø§ÙƒØªØ¦Ø§Ø¨",1.0
